[debug] [2026-07-01T07:44:37.086Z] ----------------------------------------------------------------------
[debug] [2026-07-01T07:44:37.094Z] Command:       C:\Program Files\nodejs\node.exe C:\Users\Gari Iriana\AppData\Roaming\npm\node_modules\firebase-tools\lib\bin\firebase.js emulators:start --only functions
[debug] [2026-07-01T07:44:37.095Z] CLI Version:   15.21.0
[debug] [2026-07-01T07:44:37.095Z] Platform:      win32
[debug] [2026-07-01T07:44:37.096Z] Node Version:  v22.21.1
[debug] [2026-07-01T07:44:37.096Z] Detected Agent: unknown
[debug] [2026-07-01T07:44:37.097Z] Time:          Wed Jul 01 2026 14:44:37 GMT+0700 (Indochina Time)
[debug] [2026-07-01T07:44:37.097Z] ----------------------------------------------------------------------
[debug] 
[debug] [2026-07-01T07:44:43.382Z] > command requires scopes: ["email","openid","https://www.googleapis.com/auth/cloudplatformprojects.readonly","https://www.googleapis.com/auth/firebase","https://www.googleapis.com/auth/cloud-platform"]
[debug] [2026-07-01T07:44:43.383Z] > authorizing via signed-in user (geriiriana6@gmail.com)
[info] i  emulators: Starting emulators: functions {"metadata":{"emulator":{"name":"hub"},"message":"Starting emulators: functions"}}
[debug] [2026-07-01T07:44:43.407Z] [logging] Logging Emulator only supports listening on one address (127.0.0.1). Not listening on ::1
[debug] [2026-07-01T07:44:43.407Z] assigned listening specs for emulators {"user":{"hub":[{"address":"127.0.0.1","family":"IPv4","port":4400},{"address":"::1","family":"IPv6","port":4400}],"ui":[{"address":"127.0.0.1","family":"IPv4","port":4000},{"address":"::1","family":"IPv6","port":4000}],"logging":[{"address":"127.0.0.1","family":"IPv4","port":4500}]},"metadata":{"message":"assigned listening specs for emulators"}}
[debug] [2026-07-01T07:44:43.418Z] Found emulator hub locator: {"version":"15.21.0","origins":["http://127.0.0.1:4400","http://[::1]:4400"],"pid":27496}
[debug] [2026-07-01T07:44:43.419Z] Write emulator hub locator at C:\Users\GARIIR~1\AppData\Local\Temp\hub-report-utt.json
[debug] [2026-07-01T07:44:43.462Z] [functions] Functions Emulator only supports listening on one address (127.0.0.1). Not listening on ::1
[debug] [2026-07-01T07:44:43.463Z] [eventarc] Eventarc Emulator only supports listening on one address (127.0.0.1). Not listening on ::1
[debug] [2026-07-01T07:44:43.463Z] [tasks] Cloud Tasks Emulator only supports listening on one address (127.0.0.1). Not listening on ::1
[debug] [2026-07-01T07:44:43.463Z] late-assigned ports for functions and eventarc emulators {"user":{"hub":[{"address":"127.0.0.1","family":"IPv4","port":4400},{"address":"::1","family":"IPv6","port":4400}],"ui":[{"address":"127.0.0.1","family":"IPv4","port":4000},{"address":"::1","family":"IPv6","port":4000}],"logging":[{"address":"127.0.0.1","family":"IPv4","port":4500}],"functions":[{"address":"127.0.0.1","family":"IPv4","port":5001}],"eventarc":[{"address":"127.0.0.1","family":"IPv4","port":9299}],"tasks":[{"address":"127.0.0.1","family":"IPv4","port":9499}]},"metadata":{"message":"late-assigned ports for functions and eventarc emulators"}}
[warn] !  functions: The following emulators are not running, calls to these services from the Functions emulator will affect production: apphosting, auth, firestore, database, hosting, pubsub, storage, dataconnect {"metadata":{"emulator":{"name":"functions"},"message":"The following emulators are not running, calls to these services from the Functions emulator will affect production: \u001b[1mapphosting, auth, firestore, database, hosting, pubsub, storage, dataconnect\u001b[22m"}}
[debug] [2026-07-01T07:44:43.548Z] defaultcredentials: writing to file C:\Users\Gari Iriana\AppData\Roaming\firebase\geriiriana6_gmail_com_application_default_credentials.json
[debug] [2026-07-01T07:44:43.590Z] Setting GAC to C:\Users\Gari Iriana\AppData\Roaming\firebase\geriiriana6_gmail_com_application_default_credentials.json {"metadata":{"emulator":{"name":"functions"},"message":"Setting GAC to C:\\Users\\Gari Iriana\\AppData\\Roaming\\firebase\\geriiriana6_gmail_com_application_default_credentials.json"}}
[debug] [2026-07-01T07:44:43.596Z] Checked if tokens are valid: true, expires at: 1782895047261
[debug] [2026-07-01T07:44:43.599Z] Checked if tokens are valid: true, expires at: 1782895047261
[debug] [2026-07-01T07:44:43.602Z] >>> [apiv2][query] GET https://firebase.googleapis.com/v1beta1/projects/report-utt/adminSdkConfig [none]
[debug] [2026-07-01T07:44:44.981Z] <<< [apiv2][status] GET https://firebase.googleapis.com/v1beta1/projects/report-utt/adminSdkConfig 200
[debug] [2026-07-01T07:44:44.981Z] <<< [apiv2][body] GET https://firebase.googleapis.com/v1beta1/projects/report-utt/adminSdkConfig {"projectId":"report-utt","databaseURL":"https://report-utt-default-rtdb.asia-southeast1.firebasedatabase.app","storageBucket":"report-utt.firebasestorage.app"}
[info] i  functions: Watching "C:\Users\Gari Iriana\OneDrive\Documents\sultanah\utt-report-maintenance\functions" for Cloud Functions... {"metadata":{"emulator":{"name":"functions"},"message":"Watching \"C:\\Users\\Gari Iriana\\OneDrive\\Documents\\sultanah\\utt-report-maintenance\\functions\" for Cloud Functions..."}}
[debug] [2026-07-01T07:44:45.076Z] Validating nodejs source
[warn] !  functions: package.json indicates an outdated version of firebase-functions. Please upgrade using npm install --save firebase-functions@latest in your functions directory. 
[warn] !  functions: Please note that there will be breaking changes when you upgrade. 
[debug] [2026-07-01T07:44:48.064Z] > [functions] package.json contents: {
  "name": "functions",
  "scripts": {
    "build": "tsc",
    "build:watch": "tsc --watch",
    "serve": "npm run build && firebase emulators:start --only functions",
    "shell": "npm run build && firebase functions:shell",
    "start": "npm run serve",
    "deploy": "firebase deploy --only functions"
  },
  "engines": {
    "node": "20"
  },
  "main": "lib/index.js",
  "dependencies": {
    "firebase-admin": "^12.0.0",
    "firebase-functions": "^5.0.0"
  },
  "devDependencies": {
    "typescript": "^5.0.0"
  },
  "private": true
}
[debug] [2026-07-01T07:44:48.065Z] Building nodejs source
[debug] [2026-07-01T07:44:48.067Z] Failed to find version of module node: reached end of search path C:\Users\Gari Iriana\OneDrive\Documents\sultanah\utt-report-maintenance\functions\node_modules
[warn] !  functions: Your requested "node" version "20" doesn't match your global version "22". Using node@22 from host. 
[info] i  functions: Loaded environment variables from .env. 
[debug] [2026-07-01T07:44:48.088Z] Could not find functions.yaml. Must use http discovery
[debug] [2026-07-01T07:44:48.144Z] Found firebase-functions binary at 'C:\Users\Gari Iriana\OneDrive\Documents\sultanah\utt-report-maintenance\functions\node_modules\.bin\firebase-functions'
[info] Serving at port 8135

[debug] [2026-07-01T07:44:49.163Z] Got response from /__/functions.yaml {"endpoints":{"analyzeATSReport":{"availableMemoryMb":null,"timeoutSeconds":300,"minInstances":null,"maxInstances":null,"ingressSettings":null,"concurrency":null,"serviceAccountEmail":null,"vpc":null,"platform":"gcfv2","labels":{},"callableTrigger":{},"entryPoint":"analyzeATSReport"}},"specVersion":"v1alpha1","requiredAPIs":[],"extensions":{}}
[info] +  functions: Loaded functions definitions from source: analyzeATSReport. {"metadata":{"emulator":{"name":"functions"},"message":"Loaded functions definitions from source: analyzeATSReport."}}
[info] +  functions[us-central1-analyzeATSReport]: http function initialized (http://127.0.0.1:5001/report-utt/us-central1/analyzeATSReport). {"metadata":{"emulator":{"name":"functions"},"message":"\u001b[1mhttp\u001b[22m function initialized (http://127.0.0.1:5001/report-utt/us-central1/analyzeATSReport)."}}
[info] 
┌─────────────────────────────────────────────────────────────┐
│ ✔  All emulators ready! It is now safe to connect your app. │
│ i  View Emulator UI at http://127.0.0.1:4000/               │
└─────────────────────────────────────────────────────────────┘

┌───────────┬────────────────┬─────────────────────────────────┐
│ Emulator  │ Host:Port      │ View in Emulator UI             │
├───────────┼────────────────┼─────────────────────────────────┤
│ Functions │ 127.0.0.1:5001 │ http://127.0.0.1:4000/functions │
└───────────┴────────────────┴─────────────────────────────────┘
  Emulator Hub host: 127.0.0.1 port: 4400
  Other reserved ports: 4500

Issues? Report them at https://github.com/firebase/firebase-tools/issues and attach the *-debug.log files.
 
[debug] [2026-07-01T07:46:11.525Z] File C:\Users\Gari Iriana\OneDrive\Documents\sultanah\utt-report-maintenance\functions\src\index.ts changed, reloading triggers {"metadata":{"emulator":{"name":"functions"},"message":"File C:\\Users\\Gari Iriana\\OneDrive\\Documents\\sultanah\\utt-report-maintenance\\functions\\src\\index.ts changed, reloading triggers"}}
[debug] [2026-07-01T07:46:12.532Z] Validating nodejs source
[warn] !  functions: package.json indicates an outdated version of firebase-functions. Please upgrade using npm install --save firebase-functions@latest in your functions directory. 
[warn] !  functions: Please note that there will be breaking changes when you upgrade. 
[debug] [2026-07-01T07:46:14.534Z] > [functions] package.json contents: {
  "name": "functions",
  "scripts": {
    "build": "tsc",
    "build:watch": "tsc --watch",
    "serve": "npm run build && firebase emulators:start --only functions",
    "shell": "npm run build && firebase functions:shell",
    "start": "npm run serve",
    "deploy": "firebase deploy --only functions"
  },
  "engines": {
    "node": "20"
  },
  "main": "lib/index.js",
  "dependencies": {
    "firebase-admin": "^12.0.0",
    "firebase-functions": "^5.0.0"
  },
  "devDependencies": {
    "typescript": "^5.0.0"
  },
  "private": true
}
[debug] [2026-07-01T07:46:14.534Z] Building nodejs source
[debug] [2026-07-01T07:46:14.535Z] Failed to find version of module node: reached end of search path C:\Users\Gari Iriana\OneDrive\Documents\sultanah\utt-report-maintenance\functions\node_modules
[warn] !  functions: Your requested "node" version "20" doesn't match your global version "22". Using node@22 from host. 
[info] i  functions: Loaded environment variables from .env. 
[debug] [2026-07-01T07:46:14.538Z] Could not find functions.yaml. Must use http discovery
[debug] [2026-07-01T07:46:14.569Z] Found firebase-functions binary at 'C:\Users\Gari Iriana\OneDrive\Documents\sultanah\utt-report-maintenance\functions\node_modules\.bin\firebase-functions'
[info] Serving at port 8385

[debug] [2026-07-01T07:46:15.495Z] Got response from /__/functions.yaml {"endpoints":{"analyzeATSReport":{"availableMemoryMb":null,"timeoutSeconds":300,"minInstances":null,"maxInstances":null,"ingressSettings":null,"concurrency":null,"serviceAccountEmail":null,"vpc":null,"platform":"gcfv2","labels":{},"callableTrigger":{},"entryPoint":"analyzeATSReport"}},"specVersion":"v1alpha1","requiredAPIs":[],"extensions":{}}
[info] +  functions: Loaded functions definitions from source: analyzeATSReport. {"metadata":{"emulator":{"name":"functions"},"message":"Loaded functions definitions from source: analyzeATSReport."}}
[debug] [2026-07-01T07:46:40.657Z] [work-queue] {"queuedWork":["/report-utt/asia-southeast1/analyzeATSReport-2026-07-01T07:46:40.656Z"],"queueLength":1,"runningWork":[],"workRunningCount":0}
[debug] [2026-07-01T07:46:40.660Z] [work-queue] {"queuedWork":[],"queueLength":0,"runningWork":["/report-utt/asia-southeast1/analyzeATSReport-2026-07-01T07:46:40.656Z"],"workRunningCount":1}
[debug] [2026-07-01T07:46:40.668Z] [work-queue] {"queuedWork":[],"queueLength":0,"runningWork":[],"workRunningCount":0}
[debug] [2026-07-01T07:46:42.592Z] File C:\Users\Gari Iriana\OneDrive\Documents\sultanah\utt-report-maintenance\functions\lib\index.js.map changed, reloading triggers {"metadata":{"emulator":{"name":"functions"},"message":"File C:\\Users\\Gari Iriana\\OneDrive\\Documents\\sultanah\\utt-report-maintenance\\functions\\lib\\index.js.map changed, reloading triggers"}}
[debug] [2026-07-01T07:46:42.625Z] File C:\Users\Gari Iriana\OneDrive\Documents\sultanah\utt-report-maintenance\functions\lib\index.js changed, reloading triggers {"metadata":{"emulator":{"name":"functions"},"message":"File C:\\Users\\Gari Iriana\\OneDrive\\Documents\\sultanah\\utt-report-maintenance\\functions\\lib\\index.js changed, reloading triggers"}}
[debug] [2026-07-01T07:46:43.643Z] Validating nodejs source
[warn] !  functions: package.json indicates an outdated version of firebase-functions. Please upgrade using npm install --save firebase-functions@latest in your functions directory. 
[warn] !  functions: Please note that there will be breaking changes when you upgrade. 
[debug] [2026-07-01T07:46:47.549Z] > [functions] package.json contents: {
  "name": "functions",
  "scripts": {
    "build": "tsc",
    "build:watch": "tsc --watch",
    "serve": "npm run build && firebase emulators:start --only functions",
    "shell": "npm run build && firebase functions:shell",
    "start": "npm run serve",
    "deploy": "firebase deploy --only functions"
  },
  "engines": {
    "node": "20"
  },
  "main": "lib/index.js",
  "dependencies": {
    "firebase-admin": "^12.0.0",
    "firebase-functions": "^5.0.0"
  },
  "devDependencies": {
    "typescript": "^5.0.0"
  },
  "private": true
}
[debug] [2026-07-01T07:46:47.550Z] Building nodejs source
[debug] [2026-07-01T07:46:47.550Z] Failed to find version of module node: reached end of search path C:\Users\Gari Iriana\OneDrive\Documents\sultanah\utt-report-maintenance\functions\node_modules
[warn] !  functions: Your requested "node" version "20" doesn't match your global version "22". Using node@22 from host. 
[info] i  functions: Loaded environment variables from .env. 
[debug] [2026-07-01T07:46:47.553Z] Could not find functions.yaml. Must use http discovery
[debug] [2026-07-01T07:46:47.591Z] Found firebase-functions binary at 'C:\Users\Gari Iriana\OneDrive\Documents\sultanah\utt-report-maintenance\functions\node_modules\.bin\firebase-functions'
[info] Serving at port 8870

[debug] [2026-07-01T07:46:48.826Z] Got response from /__/functions.yaml {"endpoints":{"analyzeATSReport":{"availableMemoryMb":null,"timeoutSeconds":300,"minInstances":null,"maxInstances":null,"ingressSettings":null,"concurrency":null,"serviceAccountEmail":null,"vpc":null,"platform":"gcfv2","region":["asia-southeast1"],"labels":{},"callableTrigger":{},"entryPoint":"analyzeATSReport"}},"specVersion":"v1alpha1","requiredAPIs":[],"extensions":{}}
[info] +  functions: Loaded functions definitions from source: analyzeATSReport. {"metadata":{"emulator":{"name":"functions"},"message":"Loaded functions definitions from source: analyzeATSReport."}}
[debug] [2026-07-01T07:48:18.612Z] [work-queue] {"queuedWork":["/report-utt/us-central1/analyzeATSReport-2026-07-01T07:48:18.608Z"],"queueLength":1,"runningWork":[],"workRunningCount":0}
[debug] [2026-07-01T07:48:18.620Z] [work-queue] {"queuedWork":[],"queueLength":0,"runningWork":["/report-utt/us-central1/analyzeATSReport-2026-07-01T07:48:18.608Z"],"workRunningCount":1}
[debug] [2026-07-01T07:48:18.620Z] Accepted request OPTIONS /report-utt/us-central1/analyzeATSReport --> us-central1-analyzeATSReport
[debug] [2026-07-01T07:48:18.711Z] [functions] Runtime ready! Sending request! {"metadata":{"emulator":{"name":"functions"},"message":"[functions] Runtime ready! Sending request!"}}
[debug] [2026-07-01T07:48:18.722Z] [functions] Got req.url=/report-utt/us-central1/analyzeATSReport, mapping to path=/ {"metadata":{"emulator":{"name":"functions"},"message":"[functions] Got req.url=/report-utt/us-central1/analyzeATSReport, mapping to path=/"}}
[info] i  functions: Loaded environment variables from .env. 
[debug] [2026-07-01T07:48:18.849Z] [worker-pool] addWorker(us-central1-analyzeATSReport) {"metadata":{"emulator":{"name":"functions"},"message":"[worker-pool] addWorker(us-central1-analyzeATSReport)"}}
[debug] [2026-07-01T07:48:18.857Z] [worker-pool] Adding worker with key us-central1-analyzeATSReport, total=1 {"metadata":{"emulator":{"name":"functions"},"message":"[worker-pool] Adding worker with key us-central1-analyzeATSReport, total=1"}}
[debug] [2026-07-01T07:48:25.264Z] [runtime-status] [14044] Resolved module firebase-admin {"declared":true,"installed":true,"version":"12.7.0","resolution":"C:\\Users\\Gari Iriana\\OneDrive\\Documents\\sultanah\\utt-report-maintenance\\functions\\node_modules\\firebase-admin\\lib\\index.js"} {"metadata":{"emulator":{"name":"functions"},"function":{"name":"us-central1-analyzeATSReport"},"extension":{},"message":"[runtime-status] [14044] Resolved module firebase-admin {\"declared\":true,\"installed\":true,\"version\":\"12.7.0\",\"resolution\":\"C:\\\\Users\\\\Gari Iriana\\\\OneDrive\\\\Documents\\\\sultanah\\\\utt-report-maintenance\\\\functions\\\\node_modules\\\\firebase-admin\\\\lib\\\\index.js\"}"}}
[debug] [2026-07-01T07:48:25.268Z] [runtime-status] [14044] Resolved module firebase-functions {"declared":true,"installed":true,"version":"5.1.1","resolution":"C:\\Users\\Gari Iriana\\OneDrive\\Documents\\sultanah\\utt-report-maintenance\\functions\\node_modules\\firebase-functions\\lib\\v1\\index.js"} {"metadata":{"emulator":{"name":"functions"},"function":{"name":"us-central1-analyzeATSReport"},"extension":{},"message":"[runtime-status] [14044] Resolved module firebase-functions {\"declared\":true,\"installed\":true,\"version\":\"5.1.1\",\"resolution\":\"C:\\\\Users\\\\Gari Iriana\\\\OneDrive\\\\Documents\\\\sultanah\\\\utt-report-maintenance\\\\functions\\\\node_modules\\\\firebase-functions\\\\lib\\\\v1\\\\index.js\"}"}}
[debug] [2026-07-01T07:48:25.270Z] [runtime-status] [14044] Outgoing network have been stubbed. [{"name":"http","status":"mocked"},{"name":"http","status":"mocked"},{"name":"https","status":"mocked"},{"name":"https","status":"mocked"},{"name":"net","status":"mocked"}] {"metadata":{"emulator":{"name":"functions"},"function":{"name":"us-central1-analyzeATSReport"},"extension":{},"message":"[runtime-status] [14044] Outgoing network have been stubbed. [{\"name\":\"http\",\"status\":\"mocked\"},{\"name\":\"http\",\"status\":\"mocked\"},{\"name\":\"https\",\"status\":\"mocked\"},{\"name\":\"https\",\"status\":\"mocked\"},{\"name\":\"net\",\"status\":\"mocked\"}]"}}
[debug] [2026-07-01T07:48:25.272Z] [runtime-status] [14044] Resolved module firebase-functions {"declared":true,"installed":true,"version":"5.1.1","resolution":"C:\\Users\\Gari Iriana\\OneDrive\\Documents\\sultanah\\utt-report-maintenance\\functions\\node_modules\\firebase-functions\\lib\\v1\\index.js"} {"metadata":{"emulator":{"name":"functions"},"function":{"name":"us-central1-analyzeATSReport"},"extension":{},"message":"[runtime-status] [14044] Resolved module firebase-functions {\"declared\":true,\"installed\":true,\"version\":\"5.1.1\",\"resolution\":\"C:\\\\Users\\\\Gari Iriana\\\\OneDrive\\\\Documents\\\\sultanah\\\\utt-report-maintenance\\\\functions\\\\node_modules\\\\firebase-functions\\\\lib\\\\v1\\\\index.js\"}"}}
[debug] [2026-07-01T07:48:26.314Z] [runtime-status] [14044] Resolved module firebase-admin {"declared":true,"installed":true,"version":"12.7.0","resolution":"C:\\Users\\Gari Iriana\\OneDrive\\Documents\\sultanah\\utt-report-maintenance\\functions\\node_modules\\firebase-admin\\lib\\index.js"} {"metadata":{"emulator":{"name":"functions"},"function":{"name":"us-central1-analyzeATSReport"},"extension":{},"message":"[runtime-status] [14044] Resolved module firebase-admin {\"declared\":true,\"installed\":true,\"version\":\"12.7.0\",\"resolution\":\"C:\\\\Users\\\\Gari Iriana\\\\OneDrive\\\\Documents\\\\sultanah\\\\utt-report-maintenance\\\\functions\\\\node_modules\\\\firebase-admin\\\\lib\\\\index.js\"}"}}
[debug] [2026-07-01T07:48:26.326Z] [runtime-status] [14044] Resolved module firebase-functions {"declared":true,"installed":true,"version":"5.1.1","resolution":"C:\\Users\\Gari Iriana\\OneDrive\\Documents\\sultanah\\utt-report-maintenance\\functions\\node_modules\\firebase-functions\\lib\\v1\\index.js"} {"metadata":{"emulator":{"name":"functions"},"function":{"name":"us-central1-analyzeATSReport"},"extension":{},"message":"[runtime-status] [14044] Resolved module firebase-functions {\"declared\":true,\"installed\":true,\"version\":\"5.1.1\",\"resolution\":\"C:\\\\Users\\\\Gari Iriana\\\\OneDrive\\\\Documents\\\\sultanah\\\\utt-report-maintenance\\\\functions\\\\node_modules\\\\firebase-functions\\\\lib\\\\v1\\\\index.js\"}"}}
[debug] [2026-07-01T07:48:27.490Z] [runtime-status] [14044] firebase-admin has been stubbed. {"adminResolution":{"declared":true,"installed":true,"version":"12.7.0","resolution":"C:\\Users\\Gari Iriana\\OneDrive\\Documents\\sultanah\\utt-report-maintenance\\functions\\node_modules\\firebase-admin\\lib\\index.js"}} {"metadata":{"emulator":{"name":"functions"},"function":{"name":"us-central1-analyzeATSReport"},"extension":{},"message":"[runtime-status] [14044] firebase-admin has been stubbed. {\"adminResolution\":{\"declared\":true,\"installed\":true,\"version\":\"12.7.0\",\"resolution\":\"C:\\\\Users\\\\Gari Iriana\\\\OneDrive\\\\Documents\\\\sultanah\\\\utt-report-maintenance\\\\functions\\\\node_modules\\\\firebase-admin\\\\lib\\\\index.js\"}}"}}
[debug] [2026-07-01T07:48:27.514Z] [runtime-status] [14044] initializeApp(DEFAULT) {"storageBucket":"report-utt.firebasestorage.app","databaseURL":"https://report-utt-default-rtdb.asia-southeast1.firebasedatabase.app","projectId":"report-utt"} {"metadata":{"emulator":{"name":"functions"},"function":{"name":"us-central1-analyzeATSReport"},"extension":{},"message":"[runtime-status] [14044] initializeApp(DEFAULT) {\"storageBucket\":\"report-utt.firebasestorage.app\",\"databaseURL\":\"https://report-utt-default-rtdb.asia-southeast1.firebasedatabase.app\",\"projectId\":\"report-utt\"}"}}
[debug] [2026-07-01T07:48:27.536Z] [runtime-status] [14044] Functions runtime initialized. {"cwd":"C:\\Users\\Gari Iriana\\OneDrive\\Documents\\sultanah\\utt-report-maintenance\\functions","node_version":"22.21.1"} {"metadata":{"emulator":{"name":"functions"},"function":{"name":"us-central1-analyzeATSReport"},"extension":{},"message":"[runtime-status] [14044] Functions runtime initialized. {\"cwd\":\"C:\\\\Users\\\\Gari Iriana\\\\OneDrive\\\\Documents\\\\sultanah\\\\utt-report-maintenance\\\\functions\",\"node_version\":\"22.21.1\"}"}}
[debug] [2026-07-01T07:48:27.537Z] [runtime-status] [14044] Listening to port: \\?\pipe\fire_emu_2e744cf92f000273 {"metadata":{"emulator":{"name":"functions"},"function":{"name":"us-central1-analyzeATSReport"},"extension":{},"message":"[runtime-status] [14044] Listening to port: \\\\?\\pipe\\fire_emu_2e744cf92f000273"}}
[debug] [2026-07-01T07:48:27.607Z] [worker-us-central1-analyzeATSReport-3aea6c51-fd29-410c-ac45-3693a679d21a]: IDLE {"metadata":{"emulator":{"name":"functions"},"function":{"name":"us-central1-analyzeATSReport"},"extension":{},"message":"[worker-us-central1-analyzeATSReport-3aea6c51-fd29-410c-ac45-3693a679d21a]: IDLE"}}
[debug] [2026-07-01T07:48:27.610Z] [worker-pool] submitRequest(triggerId=us-central1-analyzeATSReport) {"metadata":{"emulator":{"name":"functions"},"message":"[worker-pool] submitRequest(triggerId=us-central1-analyzeATSReport)"}}
[info] i  functions: Beginning execution of "us-central1-analyzeATSReport" {"metadata":{"emulator":{"name":"functions"},"function":{"name":"us-central1-analyzeATSReport"},"extension":{},"message":"Beginning execution of \"us-central1-analyzeATSReport\""}}
[debug] [2026-07-01T07:48:27.611Z] [worker-us-central1-analyzeATSReport-3aea6c51-fd29-410c-ac45-3693a679d21a]: BUSY {"metadata":{"emulator":{"name":"functions"},"function":{"name":"us-central1-analyzeATSReport"},"extension":{},"message":"[worker-us-central1-analyzeATSReport-3aea6c51-fd29-410c-ac45-3693a679d21a]: BUSY"}}
[debug] [2026-07-01T07:48:27.624Z] Finishing up request with event=pause {"metadata":{"emulator":{"name":"functions"},"function":{"name":"us-central1-analyzeATSReport"},"extension":{},"message":"Finishing up request with event=pause"}}
[info] i  functions: Finished "us-central1-analyzeATSReport" in 15.9512ms {"metadata":{"emulator":{"name":"functions"},"function":{"name":"us-central1-analyzeATSReport"},"extension":{},"message":"Finished \"us-central1-analyzeATSReport\" in 15.9512ms"}}
[debug] [2026-07-01T07:48:27.630Z] [worker-us-central1-analyzeATSReport-3aea6c51-fd29-410c-ac45-3693a679d21a]: IDLE {"metadata":{"emulator":{"name":"functions"},"function":{"name":"us-central1-analyzeATSReport"},"extension":{},"message":"[worker-us-central1-analyzeATSReport-3aea6c51-fd29-410c-ac45-3693a679d21a]: IDLE"}}
[debug] [2026-07-01T07:48:27.631Z] Finishing up request with event=finish {"metadata":{"emulator":{"name":"functions"},"function":{"name":"us-central1-analyzeATSReport"},"extension":{},"message":"Finishing up request with event=finish"}}
[debug] [2026-07-01T07:48:27.631Z] Finishing up request with event=close {"metadata":{"emulator":{"name":"functions"},"function":{"name":"us-central1-analyzeATSReport"},"extension":{},"message":"Finishing up request with event=close"}}
[debug] [2026-07-01T07:48:27.631Z] [work-queue] {"queuedWork":[],"queueLength":0,"runningWork":[],"workRunningCount":0}
[debug] [2026-07-01T07:48:31.252Z] [work-queue] {"queuedWork":["/report-utt/us-central1/analyzeATSReport-2026-07-01T07:48:31.252Z"],"queueLength":1,"runningWork":[],"workRunningCount":0}
[debug] [2026-07-01T07:48:31.252Z] [work-queue] {"queuedWork":[],"queueLength":0,"runningWork":["/report-utt/us-central1/analyzeATSReport-2026-07-01T07:48:31.252Z"],"workRunningCount":1}
[debug] [2026-07-01T07:48:31.253Z] Accepted request POST /report-utt/us-central1/analyzeATSReport --> us-central1-analyzeATSReport
[debug] [2026-07-01T07:48:31.261Z] [functions] Runtime ready! Sending request! {"metadata":{"emulator":{"name":"functions"},"message":"[functions] Runtime ready! Sending request!"}}
[debug] [2026-07-01T07:48:31.263Z] [functions] Got req.url=/report-utt/us-central1/analyzeATSReport, mapping to path=/ {"metadata":{"emulator":{"name":"functions"},"message":"[functions] Got req.url=/report-utt/us-central1/analyzeATSReport, mapping to path=/"}}
[debug] [2026-07-01T07:48:31.263Z] [worker-pool] submitRequest(triggerId=us-central1-analyzeATSReport) {"metadata":{"emulator":{"name":"functions"},"message":"[worker-pool] submitRequest(triggerId=us-central1-analyzeATSReport)"}}
[info] i  functions: Beginning execution of "us-central1-analyzeATSReport" {"metadata":{"emulator":{"name":"functions"},"function":{"name":"us-central1-analyzeATSReport"},"extension":{},"message":"Beginning execution of \"us-central1-analyzeATSReport\""}}
[debug] [2026-07-01T07:48:31.264Z] [worker-us-central1-analyzeATSReport-3aea6c51-fd29-410c-ac45-3693a679d21a]: BUSY {"metadata":{"emulator":{"name":"functions"},"function":{"name":"us-central1-analyzeATSReport"},"extension":{},"message":"[worker-us-central1-analyzeATSReport-3aea6c51-fd29-410c-ac45-3693a679d21a]: BUSY"}}
[info] >  {"verifications":{"app":"MISSING","auth":"VALID"},"logging.googleapis.com/labels":{"firebase-log-type":"callable-request-verification"},"severity":"DEBUG","message":"Callable request verification passed"} {"user":{"verifications":{"app":"MISSING","auth":"VALID"},"logging.googleapis.com/labels":{"firebase-log-type":"callable-request-verification"},"severity":"DEBUG","message":"Callable request verification passed"},"metadata":{"emulator":{"name":"functions"},"function":{"name":"us-central1-analyzeATSReport"},"extension":{},"message":"\u001b[90m> \u001b[39m {\"verifications\":{\"app\":\"MISSING\",\"auth\":\"VALID\"},\"logging.googleapis.com/labels\":{\"firebase-log-type\":\"callable-request-verification\"},\"severity\":\"DEBUG\",\"message\":\"Callable request verification passed\"}"}}
[debug] [2026-07-01T07:49:37.732Z] [work-queue] {"queuedWork":["/report-utt/us-central1/analyzeATSReport-2026-07-01T07:49:37.732Z"],"queueLength":1,"runningWork":["/report-utt/us-central1/analyzeATSReport-2026-07-01T07:48:31.252Z"],"workRunningCount":1}
[debug] [2026-07-01T07:49:37.733Z] [work-queue] {"queuedWork":[],"queueLength":0,"runningWork":["/report-utt/us-central1/analyzeATSReport-2026-07-01T07:48:31.252Z","/report-utt/us-central1/analyzeATSReport-2026-07-01T07:49:37.732Z"],"workRunningCount":2}
[debug] [2026-07-01T07:49:37.734Z] Accepted request OPTIONS /report-utt/us-central1/analyzeATSReport --> us-central1-analyzeATSReport
[debug] [2026-07-01T07:49:37.740Z] [functions] Runtime ready! Sending request! {"metadata":{"emulator":{"name":"functions"},"message":"[functions] Runtime ready! Sending request!"}}
[debug] [2026-07-01T07:49:37.741Z] [functions] Got req.url=/report-utt/us-central1/analyzeATSReport, mapping to path=/ {"metadata":{"emulator":{"name":"functions"},"message":"[functions] Got req.url=/report-utt/us-central1/analyzeATSReport, mapping to path=/"}}
[info] i  functions: Loaded environment variables from .env. 
[debug] [2026-07-01T07:49:37.768Z] [worker-pool] addWorker(us-central1-analyzeATSReport) {"metadata":{"emulator":{"name":"functions"},"message":"[worker-pool] addWorker(us-central1-analyzeATSReport)"}}
[debug] [2026-07-01T07:49:37.770Z] [worker-pool] Adding worker with key us-central1-analyzeATSReport, total=2 {"metadata":{"emulator":{"name":"functions"},"message":"[worker-pool] Adding worker with key us-central1-analyzeATSReport, total=2"}}
[debug] [2026-07-01T07:49:44.251Z] [runtime-status] [25256] Resolved module firebase-admin {"declared":true,"installed":true,"version":"12.7.0","resolution":"C:\\Users\\Gari Iriana\\OneDrive\\Documents\\sultanah\\utt-report-maintenance\\functions\\node_modules\\firebase-admin\\lib\\index.js"} {"metadata":{"emulator":{"name":"functions"},"function":{"name":"us-central1-analyzeATSReport"},"extension":{},"message":"[runtime-status] [25256] Resolved module firebase-admin {\"declared\":true,\"installed\":true,\"version\":\"12.7.0\",\"resolution\":\"C:\\\\Users\\\\Gari Iriana\\\\OneDrive\\\\Documents\\\\sultanah\\\\utt-report-maintenance\\\\functions\\\\node_modules\\\\firebase-admin\\\\lib\\\\index.js\"}"}}
[debug] [2026-07-01T07:49:44.254Z] [runtime-status] [25256] Resolved module firebase-functions {"declared":true,"installed":true,"version":"5.1.1","resolution":"C:\\Users\\Gari Iriana\\OneDrive\\Documents\\sultanah\\utt-report-maintenance\\functions\\node_modules\\firebase-functions\\lib\\v1\\index.js"} {"metadata":{"emulator":{"name":"functions"},"function":{"name":"us-central1-analyzeATSReport"},"extension":{},"message":"[runtime-status] [25256] Resolved module firebase-functions {\"declared\":true,\"installed\":true,\"version\":\"5.1.1\",\"resolution\":\"C:\\\\Users\\\\Gari Iriana\\\\OneDrive\\\\Documents\\\\sultanah\\\\utt-report-maintenance\\\\functions\\\\node_modules\\\\firebase-functions\\\\lib\\\\v1\\\\index.js\"}"}}
[debug] [2026-07-01T07:49:44.254Z] [runtime-status] [25256] Outgoing network have been stubbed. [{"name":"http","status":"mocked"},{"name":"http","status":"mocked"},{"name":"https","status":"mocked"},{"name":"https","status":"mocked"},{"name":"net","status":"mocked"}] {"metadata":{"emulator":{"name":"functions"},"function":{"name":"us-central1-analyzeATSReport"},"extension":{},"message":"[runtime-status] [25256] Outgoing network have been stubbed. [{\"name\":\"http\",\"status\":\"mocked\"},{\"name\":\"http\",\"status\":\"mocked\"},{\"name\":\"https\",\"status\":\"mocked\"},{\"name\":\"https\",\"status\":\"mocked\"},{\"name\":\"net\",\"status\":\"mocked\"}]"}}
[debug] [2026-07-01T07:49:44.256Z] [runtime-status] [25256] Resolved module firebase-functions {"declared":true,"installed":true,"version":"5.1.1","resolution":"C:\\Users\\Gari Iriana\\OneDrive\\Documents\\sultanah\\utt-report-maintenance\\functions\\node_modules\\firebase-functions\\lib\\v1\\index.js"} {"metadata":{"emulator":{"name":"functions"},"function":{"name":"us-central1-analyzeATSReport"},"extension":{},"message":"[runtime-status] [25256] Resolved module firebase-functions {\"declared\":true,\"installed\":true,\"version\":\"5.1.1\",\"resolution\":\"C:\\\\Users\\\\Gari Iriana\\\\OneDrive\\\\Documents\\\\sultanah\\\\utt-report-maintenance\\\\functions\\\\node_modules\\\\firebase-functions\\\\lib\\\\v1\\\\index.js\"}"}}
[debug] [2026-07-01T07:49:44.900Z] [runtime-status] [25256] Resolved module firebase-admin {"declared":true,"installed":true,"version":"12.7.0","resolution":"C:\\Users\\Gari Iriana\\OneDrive\\Documents\\sultanah\\utt-report-maintenance\\functions\\node_modules\\firebase-admin\\lib\\index.js"} {"metadata":{"emulator":{"name":"functions"},"function":{"name":"us-central1-analyzeATSReport"},"extension":{},"message":"[runtime-status] [25256] Resolved module firebase-admin {\"declared\":true,\"installed\":true,\"version\":\"12.7.0\",\"resolution\":\"C:\\\\Users\\\\Gari Iriana\\\\OneDrive\\\\Documents\\\\sultanah\\\\utt-report-maintenance\\\\functions\\\\node_modules\\\\firebase-admin\\\\lib\\\\index.js\"}"}}
[debug] [2026-07-01T07:49:44.907Z] [runtime-status] [25256] Resolved module firebase-functions {"declared":true,"installed":true,"version":"5.1.1","resolution":"C:\\Users\\Gari Iriana\\OneDrive\\Documents\\sultanah\\utt-report-maintenance\\functions\\node_modules\\firebase-functions\\lib\\v1\\index.js"} {"metadata":{"emulator":{"name":"functions"},"function":{"name":"us-central1-analyzeATSReport"},"extension":{},"message":"[runtime-status] [25256] Resolved module firebase-functions {\"declared\":true,\"installed\":true,\"version\":\"5.1.1\",\"resolution\":\"C:\\\\Users\\\\Gari Iriana\\\\OneDrive\\\\Documents\\\\sultanah\\\\utt-report-maintenance\\\\functions\\\\node_modules\\\\firebase-functions\\\\lib\\\\v1\\\\index.js\"}"}}
[debug] [2026-07-01T07:49:45.258Z] [runtime-status] [25256] firebase-admin has been stubbed. {"adminResolution":{"declared":true,"installed":true,"version":"12.7.0","resolution":"C:\\Users\\Gari Iriana\\OneDrive\\Documents\\sultanah\\utt-report-maintenance\\functions\\node_modules\\firebase-admin\\lib\\index.js"}} {"metadata":{"emulator":{"name":"functions"},"function":{"name":"us-central1-analyzeATSReport"},"extension":{},"message":"[runtime-status] [25256] firebase-admin has been stubbed. {\"adminResolution\":{\"declared\":true,\"installed\":true,\"version\":\"12.7.0\",\"resolution\":\"C:\\\\Users\\\\Gari Iriana\\\\OneDrive\\\\Documents\\\\sultanah\\\\utt-report-maintenance\\\\functions\\\\node_modules\\\\firebase-admin\\\\lib\\\\index.js\"}}"}}
[debug] [2026-07-01T07:49:45.271Z] [runtime-status] [25256] initializeApp(DEFAULT) {"storageBucket":"report-utt.firebasestorage.app","databaseURL":"https://report-utt-default-rtdb.asia-southeast1.firebasedatabase.app","projectId":"report-utt"} {"metadata":{"emulator":{"name":"functions"},"function":{"name":"us-central1-analyzeATSReport"},"extension":{},"message":"[runtime-status] [25256] initializeApp(DEFAULT) {\"storageBucket\":\"report-utt.firebasestorage.app\",\"databaseURL\":\"https://report-utt-default-rtdb.asia-southeast1.firebasedatabase.app\",\"projectId\":\"report-utt\"}"}}
[debug] [2026-07-01T07:49:45.281Z] [runtime-status] [25256] Functions runtime initialized. {"cwd":"C:\\Users\\Gari Iriana\\OneDrive\\Documents\\sultanah\\utt-report-maintenance\\functions","node_version":"22.21.1"} {"metadata":{"emulator":{"name":"functions"},"function":{"name":"us-central1-analyzeATSReport"},"extension":{},"message":"[runtime-status] [25256] Functions runtime initialized. {\"cwd\":\"C:\\\\Users\\\\Gari Iriana\\\\OneDrive\\\\Documents\\\\sultanah\\\\utt-report-maintenance\\\\functions\",\"node_version\":\"22.21.1\"}"}}
[debug] [2026-07-01T07:49:45.282Z] [runtime-status] [25256] Listening to port: \\?\pipe\fire_emu_9e5797648e224425 {"metadata":{"emulator":{"name":"functions"},"function":{"name":"us-central1-analyzeATSReport"},"extension":{},"message":"[runtime-status] [25256] Listening to port: \\\\?\\pipe\\fire_emu_9e5797648e224425"}}
[debug] [2026-07-01T07:49:45.323Z] [worker-us-central1-analyzeATSReport-072a1481-4c56-49d2-ab1c-7bfc536e74bf]: IDLE {"metadata":{"emulator":{"name":"functions"},"function":{"name":"us-central1-analyzeATSReport"},"extension":{},"message":"[worker-us-central1-analyzeATSReport-072a1481-4c56-49d2-ab1c-7bfc536e74bf]: IDLE"}}
[debug] [2026-07-01T07:49:45.323Z] [worker-pool] submitRequest(triggerId=us-central1-analyzeATSReport) {"metadata":{"emulator":{"name":"functions"},"message":"[worker-pool] submitRequest(triggerId=us-central1-analyzeATSReport)"}}
[info] i  functions: Beginning execution of "us-central1-analyzeATSReport" {"metadata":{"emulator":{"name":"functions"},"function":{"name":"us-central1-analyzeATSReport"},"extension":{},"message":"Beginning execution of \"us-central1-analyzeATSReport\""}}
[debug] [2026-07-01T07:49:45.324Z] [worker-us-central1-analyzeATSReport-072a1481-4c56-49d2-ab1c-7bfc536e74bf]: BUSY {"metadata":{"emulator":{"name":"functions"},"function":{"name":"us-central1-analyzeATSReport"},"extension":{},"message":"[worker-us-central1-analyzeATSReport-072a1481-4c56-49d2-ab1c-7bfc536e74bf]: BUSY"}}
[debug] [2026-07-01T07:49:45.330Z] Finishing up request with event=pause {"metadata":{"emulator":{"name":"functions"},"function":{"name":"us-central1-analyzeATSReport"},"extension":{},"message":"Finishing up request with event=pause"}}
[info] i  functions: Finished "us-central1-analyzeATSReport" in 6.4078ms {"metadata":{"emulator":{"name":"functions"},"function":{"name":"us-central1-analyzeATSReport"},"extension":{},"message":"Finished \"us-central1-analyzeATSReport\" in 6.4078ms"}}
[debug] [2026-07-01T07:49:45.330Z] [worker-us-central1-analyzeATSReport-072a1481-4c56-49d2-ab1c-7bfc536e74bf]: IDLE {"metadata":{"emulator":{"name":"functions"},"function":{"name":"us-central1-analyzeATSReport"},"extension":{},"message":"[worker-us-central1-analyzeATSReport-072a1481-4c56-49d2-ab1c-7bfc536e74bf]: IDLE"}}
[debug] [2026-07-01T07:49:45.331Z] Finishing up request with event=finish {"metadata":{"emulator":{"name":"functions"},"function":{"name":"us-central1-analyzeATSReport"},"extension":{},"message":"Finishing up request with event=finish"}}
[debug] [2026-07-01T07:49:45.331Z] Finishing up request with event=close {"metadata":{"emulator":{"name":"functions"},"function":{"name":"us-central1-analyzeATSReport"},"extension":{},"message":"Finishing up request with event=close"}}
[debug] [2026-07-01T07:49:45.331Z] [work-queue] {"queuedWork":[],"queueLength":0,"runningWork":["/report-utt/us-central1/analyzeATSReport-2026-07-01T07:48:31.252Z"],"workRunningCount":1}
[debug] [2026-07-01T07:49:48.950Z] [work-queue] {"queuedWork":["/report-utt/us-central1/analyzeATSReport-2026-07-01T07:49:48.950Z"],"queueLength":1,"runningWork":["/report-utt/us-central1/analyzeATSReport-2026-07-01T07:48:31.252Z"],"workRunningCount":1}
[debug] [2026-07-01T07:49:48.950Z] [work-queue] {"queuedWork":[],"queueLength":0,"runningWork":["/report-utt/us-central1/analyzeATSReport-2026-07-01T07:48:31.252Z","/report-utt/us-central1/analyzeATSReport-2026-07-01T07:49:48.950Z"],"workRunningCount":2}
[debug] [2026-07-01T07:49:48.950Z] Accepted request POST /report-utt/us-central1/analyzeATSReport --> us-central1-analyzeATSReport
[debug] [2026-07-01T07:49:48.955Z] [functions] Runtime ready! Sending request! {"metadata":{"emulator":{"name":"functions"},"message":"[functions] Runtime ready! Sending request!"}}
[debug] [2026-07-01T07:49:48.956Z] [functions] Got req.url=/report-utt/us-central1/analyzeATSReport, mapping to path=/ {"metadata":{"emulator":{"name":"functions"},"message":"[functions] Got req.url=/report-utt/us-central1/analyzeATSReport, mapping to path=/"}}
[debug] [2026-07-01T07:49:48.956Z] [worker-pool] submitRequest(triggerId=us-central1-analyzeATSReport) {"metadata":{"emulator":{"name":"functions"},"message":"[worker-pool] submitRequest(triggerId=us-central1-analyzeATSReport)"}}
[info] i  functions: Beginning execution of "us-central1-analyzeATSReport" {"metadata":{"emulator":{"name":"functions"},"function":{"name":"us-central1-analyzeATSReport"},"extension":{},"message":"Beginning execution of \"us-central1-analyzeATSReport\""}}
[debug] [2026-07-01T07:49:48.956Z] [worker-us-central1-analyzeATSReport-072a1481-4c56-49d2-ab1c-7bfc536e74bf]: BUSY {"metadata":{"emulator":{"name":"functions"},"function":{"name":"us-central1-analyzeATSReport"},"extension":{},"message":"[worker-us-central1-analyzeATSReport-072a1481-4c56-49d2-ab1c-7bfc536e74bf]: BUSY"}}
[info] >  {"verifications":{"app":"MISSING","auth":"VALID"},"logging.googleapis.com/labels":{"firebase-log-type":"callable-request-verification"},"severity":"DEBUG","message":"Callable request verification passed"} {"user":{"verifications":{"app":"MISSING","auth":"VALID"},"logging.googleapis.com/labels":{"firebase-log-type":"callable-request-verification"},"severity":"DEBUG","message":"Callable request verification passed"},"metadata":{"emulator":{"name":"functions"},"function":{"name":"us-central1-analyzeATSReport"},"extension":{},"message":"\u001b[90m> \u001b[39m {\"verifications\":{\"app\":\"MISSING\",\"auth\":\"VALID\"},\"logging.googleapis.com/labels\":{\"firebase-log-type\":\"callable-request-verification\"},\"severity\":\"DEBUG\",\"message\":\"Callable request verification passed\"}"}}
[debug] [2026-07-01T07:52:51.596Z] File C:\Users\Gari Iriana\OneDrive\Documents\sultanah\utt-report-maintenance\functions\src\index.ts changed, reloading triggers {"metadata":{"emulator":{"name":"functions"},"message":"File C:\\Users\\Gari Iriana\\OneDrive\\Documents\\sultanah\\utt-report-maintenance\\functions\\src\\index.ts changed, reloading triggers"}}
[debug] [2026-07-01T07:52:52.611Z] Validating nodejs source
[warn] !  functions: package.json indicates an outdated version of firebase-functions. Please upgrade using npm install --save firebase-functions@latest in your functions directory. 
[warn] !  functions: Please note that there will be breaking changes when you upgrade. 
[debug] [2026-07-01T07:52:56.412Z] > [functions] package.json contents: {
  "name": "functions",
  "scripts": {
    "build": "tsc",
    "build:watch": "tsc --watch",
    "serve": "npm run build && firebase emulators:start --only functions",
    "shell": "npm run build && firebase functions:shell",
    "start": "npm run serve",
    "deploy": "firebase deploy --only functions"
  },
  "engines": {
    "node": "20"
  },
  "main": "lib/index.js",
  "dependencies": {
    "firebase-admin": "^12.0.0",
    "firebase-functions": "^5.0.0"
  },
  "devDependencies": {
    "typescript": "^5.0.0"
  },
  "private": true
}
[debug] [2026-07-01T07:52:56.413Z] Building nodejs source
[debug] [2026-07-01T07:52:56.414Z] Failed to find version of module node: reached end of search path C:\Users\Gari Iriana\OneDrive\Documents\sultanah\utt-report-maintenance\functions\node_modules
[warn] !  functions: Your requested "node" version "20" doesn't match your global version "22". Using node@22 from host. 
[info] i  functions: Loaded environment variables from .env. 
[debug] [2026-07-01T07:52:56.422Z] Could not find functions.yaml. Must use http discovery
[debug] [2026-07-01T07:52:56.468Z] Found firebase-functions binary at 'C:\Users\Gari Iriana\OneDrive\Documents\sultanah\utt-report-maintenance\functions\node_modules\.bin\firebase-functions'
[info] Serving at port 8736

[debug] [2026-07-01T07:52:57.568Z] Got response from /__/functions.yaml {"endpoints":{"analyzeATSReport":{"availableMemoryMb":null,"timeoutSeconds":300,"minInstances":null,"maxInstances":null,"ingressSettings":null,"concurrency":null,"serviceAccountEmail":null,"vpc":null,"platform":"gcfv2","region":["asia-southeast1"],"labels":{},"callableTrigger":{},"entryPoint":"analyzeATSReport"}},"specVersion":"v1alpha1","requiredAPIs":[],"extensions":{}}
[info] +  functions: Loaded functions definitions from source: analyzeATSReport. {"metadata":{"emulator":{"name":"functions"},"message":"Loaded functions definitions from source: analyzeATSReport."}}
[debug] [2026-07-01T07:53:01.621Z] [worker-pool] Marking BUSY worker to finish (us-central1-analyzeATSReport) {"metadata":{"emulator":{"name":"functions"},"message":"[worker-pool] Marking BUSY worker to finish (us-central1-analyzeATSReport)"}}
[debug] [2026-07-01T07:53:01.621Z] [worker-us-central1-analyzeATSReport-3aea6c51-fd29-410c-ac45-3693a679d21a]: FINISHING {"metadata":{"emulator":{"name":"functions"},"function":{"name":"us-central1-analyzeATSReport"},"extension":{},"message":"[worker-us-central1-analyzeATSReport-3aea6c51-fd29-410c-ac45-3693a679d21a]: FINISHING"}}
[debug] [2026-07-01T07:53:01.622Z] [worker-pool] Marking BUSY worker to finish (us-central1-analyzeATSReport) {"metadata":{"emulator":{"name":"functions"},"message":"[worker-pool] Marking BUSY worker to finish (us-central1-analyzeATSReport)"}}
[debug] [2026-07-01T07:53:01.622Z] [worker-us-central1-analyzeATSReport-072a1481-4c56-49d2-ab1c-7bfc536e74bf]: FINISHING {"metadata":{"emulator":{"name":"functions"},"function":{"name":"us-central1-analyzeATSReport"},"extension":{},"message":"[worker-us-central1-analyzeATSReport-072a1481-4c56-49d2-ab1c-7bfc536e74bf]: FINISHING"}}
[debug] [2026-07-01T07:53:17.493Z] File C:\Users\Gari Iriana\OneDrive\Documents\sultanah\utt-report-maintenance\functions\lib\index.js.map changed, reloading triggers {"metadata":{"emulator":{"name":"functions"},"message":"File C:\\Users\\Gari Iriana\\OneDrive\\Documents\\sultanah\\utt-report-maintenance\\functions\\lib\\index.js.map changed, reloading triggers"}}
[debug] [2026-07-01T07:53:17.503Z] File C:\Users\Gari Iriana\OneDrive\Documents\sultanah\utt-report-maintenance\functions\lib\index.js changed, reloading triggers {"metadata":{"emulator":{"name":"functions"},"message":"File C:\\Users\\Gari Iriana\\OneDrive\\Documents\\sultanah\\utt-report-maintenance\\functions\\lib\\index.js changed, reloading triggers"}}
[debug] [2026-07-01T07:53:18.507Z] Validating nodejs source
[warn] !  functions: package.json indicates an outdated version of firebase-functions. Please upgrade using npm install --save firebase-functions@latest in your functions directory. 
[warn] !  functions: Please note that there will be breaking changes when you upgrade. 
[debug] [2026-07-01T07:53:20.325Z] > [functions] package.json contents: {
  "name": "functions",
  "scripts": {
    "build": "tsc",
    "build:watch": "tsc --watch",
    "serve": "npm run build && firebase emulators:start --only functions",
    "shell": "npm run build && firebase functions:shell",
    "start": "npm run serve",
    "deploy": "firebase deploy --only functions"
  },
  "engines": {
    "node": "20"
  },
  "main": "lib/index.js",
  "dependencies": {
    "firebase-admin": "^12.0.0",
    "firebase-functions": "^5.0.0"
  },
  "devDependencies": {
    "typescript": "^5.0.0"
  },
  "private": true
}
[debug] [2026-07-01T07:53:20.325Z] Building nodejs source
[debug] [2026-07-01T07:53:20.325Z] Failed to find version of module node: reached end of search path C:\Users\Gari Iriana\OneDrive\Documents\sultanah\utt-report-maintenance\functions\node_modules
[warn] !  functions: Your requested "node" version "20" doesn't match your global version "22". Using node@22 from host. 
[info] i  functions: Loaded environment variables from .env. 
[debug] [2026-07-01T07:53:20.328Z] Could not find functions.yaml. Must use http discovery
[debug] [2026-07-01T07:53:20.360Z] Found firebase-functions binary at 'C:\Users\Gari Iriana\OneDrive\Documents\sultanah\utt-report-maintenance\functions\node_modules\.bin\firebase-functions'
[info] Serving at port 8587

[debug] [2026-07-01T07:53:21.234Z] Got response from /__/functions.yaml {"endpoints":{"analyzeATSReport":{"availableMemoryMb":null,"timeoutSeconds":300,"minInstances":null,"maxInstances":null,"ingressSettings":null,"concurrency":null,"serviceAccountEmail":null,"vpc":null,"platform":"gcfv2","region":["asia-southeast1"],"labels":{},"callableTrigger":{},"entryPoint":"analyzeATSReport"}},"specVersion":"v1alpha1","requiredAPIs":[],"extensions":{}}
[info] +  functions: Loaded functions definitions from source: analyzeATSReport. {"metadata":{"emulator":{"name":"functions"},"message":"Loaded functions definitions from source: analyzeATSReport."}}
[error] i  Your function timed out after ~300s. To configure this timeout, see
      https://firebase.google.com/docs/functions/manage-functions#set_timeout_and_memory_allocation. {"metadata":{"emulator":{"name":"functions"},"function":{"name":"us-central1-analyzeATSReport"},"extension":{},"message":"Your function timed out after ~300s. To configure this timeout, see\n      https://firebase.google.com/docs/functions/manage-functions#set_timeout_and_memory_allocation."}}
[error] i  Request to function failed: Error: socket hang up {"metadata":{"emulator":{"name":"functions"},"function":{"name":"us-central1-analyzeATSReport"},"extension":{},"message":"Request to function failed: Error: socket hang up"}}
[debug] [2026-07-01T07:53:31.349Z] [work-queue] {"queuedWork":[],"queueLength":0,"runningWork":["/report-utt/us-central1/analyzeATSReport-2026-07-01T07:49:48.950Z"],"workRunningCount":1}
[debug] [2026-07-01T07:53:31.360Z] [worker-us-central1-analyzeATSReport-3aea6c51-fd29-410c-ac45-3693a679d21a]: exited {"metadata":{"emulator":{"name":"functions"},"function":{"name":"us-central1-analyzeATSReport"},"extension":{},"message":"[worker-us-central1-analyzeATSReport-3aea6c51-fd29-410c-ac45-3693a679d21a]: exited"}}
[debug] [2026-07-01T07:53:31.360Z] [worker-us-central1-analyzeATSReport-3aea6c51-fd29-410c-ac45-3693a679d21a]: FINISHED {"metadata":{"emulator":{"name":"functions"},"function":{"name":"us-central1-analyzeATSReport"},"extension":{},"message":"[worker-us-central1-analyzeATSReport-3aea6c51-fd29-410c-ac45-3693a679d21a]: FINISHED"}}
[debug] [2026-07-01T07:53:32.821Z] File C:\Users\Gari Iriana\OneDrive\Documents\sultanah\utt-report-maintenance\functions\src\index.ts changed, reloading triggers {"metadata":{"emulator":{"name":"functions"},"message":"File C:\\Users\\Gari Iriana\\OneDrive\\Documents\\sultanah\\utt-report-maintenance\\functions\\src\\index.ts changed, reloading triggers"}}
[debug] [2026-07-01T07:53:33.827Z] Validating nodejs source
[warn] !  functions: package.json indicates an outdated version of firebase-functions. Please upgrade using npm install --save firebase-functions@latest in your functions directory. 
[warn] !  functions: Please note that there will be breaking changes when you upgrade. 
[debug] [2026-07-01T07:53:35.924Z] > [functions] package.json contents: {
  "name": "functions",
  "scripts": {
    "build": "tsc",
    "build:watch": "tsc --watch",
    "serve": "npm run build && firebase emulators:start --only functions",
    "shell": "npm run build && firebase functions:shell",
    "start": "npm run serve",
    "deploy": "firebase deploy --only functions"
  },
  "engines": {
    "node": "20"
  },
  "main": "lib/index.js",
  "dependencies": {
    "firebase-admin": "^12.0.0",
    "firebase-functions": "^5.0.0"
  },
  "devDependencies": {
    "typescript": "^5.0.0"
  },
  "private": true
}
[debug] [2026-07-01T07:53:35.924Z] Building nodejs source
[debug] [2026-07-01T07:53:35.924Z] Failed to find version of module node: reached end of search path C:\Users\Gari Iriana\OneDrive\Documents\sultanah\utt-report-maintenance\functions\node_modules
[warn] !  functions: Your requested "node" version "20" doesn't match your global version "22". Using node@22 from host. 
[info] i  functions: Loaded environment variables from .env. 
[debug] [2026-07-01T07:53:35.927Z] Could not find functions.yaml. Must use http discovery
[debug] [2026-07-01T07:53:35.961Z] Found firebase-functions binary at 'C:\Users\Gari Iriana\OneDrive\Documents\sultanah\utt-report-maintenance\functions\node_modules\.bin\firebase-functions'
[info] Serving at port 8495

[debug] [2026-07-01T07:53:36.985Z] Got response from /__/functions.yaml {"endpoints":{"analyzeATSReport":{"availableMemoryMb":null,"timeoutSeconds":300,"minInstances":null,"maxInstances":null,"ingressSettings":null,"concurrency":null,"serviceAccountEmail":null,"vpc":null,"platform":"gcfv2","region":["asia-southeast1"],"labels":{},"callableTrigger":{},"entryPoint":"analyzeATSReport"}},"specVersion":"v1alpha1","requiredAPIs":[],"extensions":{}}
[info] +  functions: Loaded functions definitions from source: analyzeATSReport. {"metadata":{"emulator":{"name":"functions"},"message":"Loaded functions definitions from source: analyzeATSReport."}}
[debug] [2026-07-01T07:53:56.955Z] File C:\Users\Gari Iriana\OneDrive\Documents\sultanah\utt-report-maintenance\functions\lib\index.js.map changed, reloading triggers {"metadata":{"emulator":{"name":"functions"},"message":"File C:\\Users\\Gari Iriana\\OneDrive\\Documents\\sultanah\\utt-report-maintenance\\functions\\lib\\index.js.map changed, reloading triggers"}}
[debug] [2026-07-01T07:53:56.963Z] File C:\Users\Gari Iriana\OneDrive\Documents\sultanah\utt-report-maintenance\functions\lib\index.js changed, reloading triggers {"metadata":{"emulator":{"name":"functions"},"message":"File C:\\Users\\Gari Iriana\\OneDrive\\Documents\\sultanah\\utt-report-maintenance\\functions\\lib\\index.js changed, reloading triggers"}}
[debug] [2026-07-01T07:53:57.967Z] Validating nodejs source
[warn] !  functions: package.json indicates an outdated version of firebase-functions. Please upgrade using npm install --save firebase-functions@latest in your functions directory. 
[warn] !  functions: Please note that there will be breaking changes when you upgrade. 
[debug] [2026-07-01T07:53:59.806Z] > [functions] package.json contents: {
  "name": "functions",
  "scripts": {
    "build": "tsc",
    "build:watch": "tsc --watch",
    "serve": "npm run build && firebase emulators:start --only functions",
    "shell": "npm run build && firebase functions:shell",
    "start": "npm run serve",
    "deploy": "firebase deploy --only functions"
  },
  "engines": {
    "node": "20"
  },
  "main": "lib/index.js",
  "dependencies": {
    "firebase-admin": "^12.0.0",
    "firebase-functions": "^5.0.0"
  },
  "devDependencies": {
    "typescript": "^5.0.0"
  },
  "private": true
}
[debug] [2026-07-01T07:53:59.806Z] Building nodejs source
[debug] [2026-07-01T07:53:59.806Z] Failed to find version of module node: reached end of search path C:\Users\Gari Iriana\OneDrive\Documents\sultanah\utt-report-maintenance\functions\node_modules
[warn] !  functions: Your requested "node" version "20" doesn't match your global version "22". Using node@22 from host. 
[info] i  functions: Loaded environment variables from .env. 
[debug] [2026-07-01T07:53:59.809Z] Could not find functions.yaml. Must use http discovery
[debug] [2026-07-01T07:53:59.838Z] Found firebase-functions binary at 'C:\Users\Gari Iriana\OneDrive\Documents\sultanah\utt-report-maintenance\functions\node_modules\.bin\firebase-functions'
[info] Serving at port 8122

[debug] [2026-07-01T07:54:00.719Z] Got response from /__/functions.yaml {"endpoints":{"analyzeATSReport":{"availableMemoryMb":null,"timeoutSeconds":300,"minInstances":null,"maxInstances":null,"ingressSettings":null,"concurrency":null,"serviceAccountEmail":null,"vpc":null,"platform":"gcfv2","region":["asia-southeast1"],"labels":{},"callableTrigger":{},"entryPoint":"analyzeATSReport"}},"specVersion":"v1alpha1","requiredAPIs":[],"extensions":{}}
[info] +  functions: Loaded functions definitions from source: analyzeATSReport. {"metadata":{"emulator":{"name":"functions"},"message":"Loaded functions definitions from source: analyzeATSReport."}}
[debug] [2026-07-01T07:54:12.180Z] [work-queue] {"queuedWork":["/report-utt/us-central1/analyzeATSReport-2026-07-01T07:54:12.180Z"],"queueLength":1,"runningWork":["/report-utt/us-central1/analyzeATSReport-2026-07-01T07:49:48.950Z"],"workRunningCount":1}
[debug] [2026-07-01T07:54:12.181Z] [work-queue] {"queuedWork":[],"queueLength":0,"runningWork":["/report-utt/us-central1/analyzeATSReport-2026-07-01T07:49:48.950Z","/report-utt/us-central1/analyzeATSReport-2026-07-01T07:54:12.180Z"],"workRunningCount":2}
[debug] [2026-07-01T07:54:12.181Z] Accepted request OPTIONS /report-utt/us-central1/analyzeATSReport --> us-central1-analyzeATSReport
[debug] [2026-07-01T07:54:12.196Z] [functions] Runtime ready! Sending request! {"metadata":{"emulator":{"name":"functions"},"message":"[functions] Runtime ready! Sending request!"}}
[debug] [2026-07-01T07:54:12.197Z] [functions] Got req.url=/report-utt/us-central1/analyzeATSReport, mapping to path=/ {"metadata":{"emulator":{"name":"functions"},"message":"[functions] Got req.url=/report-utt/us-central1/analyzeATSReport, mapping to path=/"}}
[debug] [2026-07-01T07:54:12.198Z] [worker-pool] Cleaned up workers for us-central1-analyzeATSReport: 2 --> 1 {"metadata":{"emulator":{"name":"functions"},"message":"[worker-pool] Cleaned up workers for us-central1-analyzeATSReport: 2 --> 1"}}
[info] i  functions: Loaded environment variables from .env. 
[debug] [2026-07-01T07:54:12.229Z] [worker-pool] addWorker(us-central1-analyzeATSReport) {"metadata":{"emulator":{"name":"functions"},"message":"[worker-pool] addWorker(us-central1-analyzeATSReport)"}}
[debug] [2026-07-01T07:54:12.230Z] [worker-pool] Adding worker with key us-central1-analyzeATSReport, total=2 {"metadata":{"emulator":{"name":"functions"},"message":"[worker-pool] Adding worker with key us-central1-analyzeATSReport, total=2"}}
[debug] [2026-07-01T07:54:17.115Z] [runtime-status] [26716] Resolved module firebase-admin {"declared":true,"installed":true,"version":"12.7.0","resolution":"C:\\Users\\Gari Iriana\\OneDrive\\Documents\\sultanah\\utt-report-maintenance\\functions\\node_modules\\firebase-admin\\lib\\index.js"} {"metadata":{"emulator":{"name":"functions"},"function":{"name":"us-central1-analyzeATSReport"},"extension":{},"message":"[runtime-status] [26716] Resolved module firebase-admin {\"declared\":true,\"installed\":true,\"version\":\"12.7.0\",\"resolution\":\"C:\\\\Users\\\\Gari Iriana\\\\OneDrive\\\\Documents\\\\sultanah\\\\utt-report-maintenance\\\\functions\\\\node_modules\\\\firebase-admin\\\\lib\\\\index.js\"}"}}
[debug] [2026-07-01T07:54:17.117Z] [runtime-status] [26716] Resolved module firebase-functions {"declared":true,"installed":true,"version":"5.1.1","resolution":"C:\\Users\\Gari Iriana\\OneDrive\\Documents\\sultanah\\utt-report-maintenance\\functions\\node_modules\\firebase-functions\\lib\\v1\\index.js"} {"metadata":{"emulator":{"name":"functions"},"function":{"name":"us-central1-analyzeATSReport"},"extension":{},"message":"[runtime-status] [26716] Resolved module firebase-functions {\"declared\":true,\"installed\":true,\"version\":\"5.1.1\",\"resolution\":\"C:\\\\Users\\\\Gari Iriana\\\\OneDrive\\\\Documents\\\\sultanah\\\\utt-report-maintenance\\\\functions\\\\node_modules\\\\firebase-functions\\\\lib\\\\v1\\\\index.js\"}"}}
[debug] [2026-07-01T07:54:17.118Z] [runtime-status] [26716] Outgoing network have been stubbed. [{"name":"http","status":"mocked"},{"name":"http","status":"mocked"},{"name":"https","status":"mocked"},{"name":"https","status":"mocked"},{"name":"net","status":"mocked"}] {"metadata":{"emulator":{"name":"functions"},"function":{"name":"us-central1-analyzeATSReport"},"extension":{},"message":"[runtime-status] [26716] Outgoing network have been stubbed. [{\"name\":\"http\",\"status\":\"mocked\"},{\"name\":\"http\",\"status\":\"mocked\"},{\"name\":\"https\",\"status\":\"mocked\"},{\"name\":\"https\",\"status\":\"mocked\"},{\"name\":\"net\",\"status\":\"mocked\"}]"}}
[debug] [2026-07-01T07:54:17.121Z] [runtime-status] [26716] Resolved module firebase-functions {"declared":true,"installed":true,"version":"5.1.1","resolution":"C:\\Users\\Gari Iriana\\OneDrive\\Documents\\sultanah\\utt-report-maintenance\\functions\\node_modules\\firebase-functions\\lib\\v1\\index.js"} {"metadata":{"emulator":{"name":"functions"},"function":{"name":"us-central1-analyzeATSReport"},"extension":{},"message":"[runtime-status] [26716] Resolved module firebase-functions {\"declared\":true,\"installed\":true,\"version\":\"5.1.1\",\"resolution\":\"C:\\\\Users\\\\Gari Iriana\\\\OneDrive\\\\Documents\\\\sultanah\\\\utt-report-maintenance\\\\functions\\\\node_modules\\\\firebase-functions\\\\lib\\\\v1\\\\index.js\"}"}}
[debug] [2026-07-01T07:54:17.897Z] [runtime-status] [26716] Resolved module firebase-admin {"declared":true,"installed":true,"version":"12.7.0","resolution":"C:\\Users\\Gari Iriana\\OneDrive\\Documents\\sultanah\\utt-report-maintenance\\functions\\node_modules\\firebase-admin\\lib\\index.js"} {"metadata":{"emulator":{"name":"functions"},"function":{"name":"us-central1-analyzeATSReport"},"extension":{},"message":"[runtime-status] [26716] Resolved module firebase-admin {\"declared\":true,\"installed\":true,\"version\":\"12.7.0\",\"resolution\":\"C:\\\\Users\\\\Gari Iriana\\\\OneDrive\\\\Documents\\\\sultanah\\\\utt-report-maintenance\\\\functions\\\\node_modules\\\\firebase-admin\\\\lib\\\\index.js\"}"}}
[debug] [2026-07-01T07:54:17.904Z] [runtime-status] [26716] Resolved module firebase-functions {"declared":true,"installed":true,"version":"5.1.1","resolution":"C:\\Users\\Gari Iriana\\OneDrive\\Documents\\sultanah\\utt-report-maintenance\\functions\\node_modules\\firebase-functions\\lib\\v1\\index.js"} {"metadata":{"emulator":{"name":"functions"},"function":{"name":"us-central1-analyzeATSReport"},"extension":{},"message":"[runtime-status] [26716] Resolved module firebase-functions {\"declared\":true,\"installed\":true,\"version\":\"5.1.1\",\"resolution\":\"C:\\\\Users\\\\Gari Iriana\\\\OneDrive\\\\Documents\\\\sultanah\\\\utt-report-maintenance\\\\functions\\\\node_modules\\\\firebase-functions\\\\lib\\\\v1\\\\index.js\"}"}}
[debug] [2026-07-01T07:54:18.726Z] [runtime-status] [26716] firebase-admin has been stubbed. {"adminResolution":{"declared":true,"installed":true,"version":"12.7.0","resolution":"C:\\Users\\Gari Iriana\\OneDrive\\Documents\\sultanah\\utt-report-maintenance\\functions\\node_modules\\firebase-admin\\lib\\index.js"}} {"metadata":{"emulator":{"name":"functions"},"function":{"name":"us-central1-analyzeATSReport"},"extension":{},"message":"[runtime-status] [26716] firebase-admin has been stubbed. {\"adminResolution\":{\"declared\":true,\"installed\":true,\"version\":\"12.7.0\",\"resolution\":\"C:\\\\Users\\\\Gari Iriana\\\\OneDrive\\\\Documents\\\\sultanah\\\\utt-report-maintenance\\\\functions\\\\node_modules\\\\firebase-admin\\\\lib\\\\index.js\"}}"}}
[debug] [2026-07-01T07:54:18.752Z] [runtime-status] [26716] initializeApp(DEFAULT) {"storageBucket":"report-utt.firebasestorage.app","databaseURL":"https://report-utt-default-rtdb.asia-southeast1.firebasedatabase.app","projectId":"report-utt"} {"metadata":{"emulator":{"name":"functions"},"function":{"name":"us-central1-analyzeATSReport"},"extension":{},"message":"[runtime-status] [26716] initializeApp(DEFAULT) {\"storageBucket\":\"report-utt.firebasestorage.app\",\"databaseURL\":\"https://report-utt-default-rtdb.asia-southeast1.firebasedatabase.app\",\"projectId\":\"report-utt\"}"}}
[debug] [2026-07-01T07:54:18.782Z] [runtime-status] [26716] Functions runtime initialized. {"cwd":"C:\\Users\\Gari Iriana\\OneDrive\\Documents\\sultanah\\utt-report-maintenance\\functions","node_version":"22.21.1"} {"metadata":{"emulator":{"name":"functions"},"function":{"name":"us-central1-analyzeATSReport"},"extension":{},"message":"[runtime-status] [26716] Functions runtime initialized. {\"cwd\":\"C:\\\\Users\\\\Gari Iriana\\\\OneDrive\\\\Documents\\\\sultanah\\\\utt-report-maintenance\\\\functions\",\"node_version\":\"22.21.1\"}"}}
[debug] [2026-07-01T07:54:18.782Z] [runtime-status] [26716] Listening to port: \\?\pipe\fire_emu_02ae9775741a1486 {"metadata":{"emulator":{"name":"functions"},"function":{"name":"us-central1-analyzeATSReport"},"extension":{},"message":"[runtime-status] [26716] Listening to port: \\\\?\\pipe\\fire_emu_02ae9775741a1486"}}
[debug] [2026-07-01T07:54:18.900Z] [worker-us-central1-analyzeATSReport-d02b0660-e170-4dfd-9af9-32820c5946d1]: IDLE {"metadata":{"emulator":{"name":"functions"},"function":{"name":"us-central1-analyzeATSReport"},"extension":{},"message":"[worker-us-central1-analyzeATSReport-d02b0660-e170-4dfd-9af9-32820c5946d1]: IDLE"}}
[debug] [2026-07-01T07:54:18.901Z] [worker-pool] submitRequest(triggerId=us-central1-analyzeATSReport) {"metadata":{"emulator":{"name":"functions"},"message":"[worker-pool] submitRequest(triggerId=us-central1-analyzeATSReport)"}}
[info] i  functions: Beginning execution of "us-central1-analyzeATSReport" {"metadata":{"emulator":{"name":"functions"},"function":{"name":"us-central1-analyzeATSReport"},"extension":{},"message":"Beginning execution of \"us-central1-analyzeATSReport\""}}
[debug] [2026-07-01T07:54:18.902Z] [worker-us-central1-analyzeATSReport-d02b0660-e170-4dfd-9af9-32820c5946d1]: BUSY {"metadata":{"emulator":{"name":"functions"},"function":{"name":"us-central1-analyzeATSReport"},"extension":{},"message":"[worker-us-central1-analyzeATSReport-d02b0660-e170-4dfd-9af9-32820c5946d1]: BUSY"}}
[debug] [2026-07-01T07:54:18.917Z] Finishing up request with event=pause {"metadata":{"emulator":{"name":"functions"},"function":{"name":"us-central1-analyzeATSReport"},"extension":{},"message":"Finishing up request with event=pause"}}
[info] i  functions: Finished "us-central1-analyzeATSReport" in 16.4889ms {"metadata":{"emulator":{"name":"functions"},"function":{"name":"us-central1-analyzeATSReport"},"extension":{},"message":"Finished \"us-central1-analyzeATSReport\" in 16.4889ms"}}
[debug] [2026-07-01T07:54:18.920Z] [worker-us-central1-analyzeATSReport-d02b0660-e170-4dfd-9af9-32820c5946d1]: IDLE {"metadata":{"emulator":{"name":"functions"},"function":{"name":"us-central1-analyzeATSReport"},"extension":{},"message":"[worker-us-central1-analyzeATSReport-d02b0660-e170-4dfd-9af9-32820c5946d1]: IDLE"}}
[debug] [2026-07-01T07:54:18.920Z] Finishing up request with event=finish {"metadata":{"emulator":{"name":"functions"},"function":{"name":"us-central1-analyzeATSReport"},"extension":{},"message":"Finishing up request with event=finish"}}
[debug] [2026-07-01T07:54:18.920Z] Finishing up request with event=close {"metadata":{"emulator":{"name":"functions"},"function":{"name":"us-central1-analyzeATSReport"},"extension":{},"message":"Finishing up request with event=close"}}
[debug] [2026-07-01T07:54:18.921Z] [work-queue] {"queuedWork":[],"queueLength":0,"runningWork":["/report-utt/us-central1/analyzeATSReport-2026-07-01T07:49:48.950Z"],"workRunningCount":1}
[debug] [2026-07-01T07:54:24.290Z] [work-queue] {"queuedWork":["/report-utt/us-central1/analyzeATSReport-2026-07-01T07:54:24.289Z"],"queueLength":1,"runningWork":["/report-utt/us-central1/analyzeATSReport-2026-07-01T07:49:48.950Z"],"workRunningCount":1}
[debug] [2026-07-01T07:54:24.290Z] [work-queue] {"queuedWork":[],"queueLength":0,"runningWork":["/report-utt/us-central1/analyzeATSReport-2026-07-01T07:49:48.950Z","/report-utt/us-central1/analyzeATSReport-2026-07-01T07:54:24.289Z"],"workRunningCount":2}
[debug] [2026-07-01T07:54:24.290Z] Accepted request POST /report-utt/us-central1/analyzeATSReport --> us-central1-analyzeATSReport
[debug] [2026-07-01T07:54:24.291Z] [functions] Runtime ready! Sending request! {"metadata":{"emulator":{"name":"functions"},"message":"[functions] Runtime ready! Sending request!"}}
[debug] [2026-07-01T07:54:24.292Z] [functions] Got req.url=/report-utt/us-central1/analyzeATSReport, mapping to path=/ {"metadata":{"emulator":{"name":"functions"},"message":"[functions] Got req.url=/report-utt/us-central1/analyzeATSReport, mapping to path=/"}}
[debug] [2026-07-01T07:54:24.292Z] [worker-pool] submitRequest(triggerId=us-central1-analyzeATSReport) {"metadata":{"emulator":{"name":"functions"},"message":"[worker-pool] submitRequest(triggerId=us-central1-analyzeATSReport)"}}
[info] i  functions: Beginning execution of "us-central1-analyzeATSReport" {"metadata":{"emulator":{"name":"functions"},"function":{"name":"us-central1-analyzeATSReport"},"extension":{},"message":"Beginning execution of \"us-central1-analyzeATSReport\""}}
[debug] [2026-07-01T07:54:24.292Z] [worker-us-central1-analyzeATSReport-d02b0660-e170-4dfd-9af9-32820c5946d1]: BUSY {"metadata":{"emulator":{"name":"functions"},"function":{"name":"us-central1-analyzeATSReport"},"extension":{},"message":"[worker-us-central1-analyzeATSReport-d02b0660-e170-4dfd-9af9-32820c5946d1]: BUSY"}}
[info] >  {"verifications":{"app":"MISSING","auth":"VALID"},"logging.googleapis.com/labels":{"firebase-log-type":"callable-request-verification"},"severity":"DEBUG","message":"Callable request verification passed"} {"user":{"verifications":{"app":"MISSING","auth":"VALID"},"logging.googleapis.com/labels":{"firebase-log-type":"callable-request-verification"},"severity":"DEBUG","message":"Callable request verification passed"},"metadata":{"emulator":{"name":"functions"},"function":{"name":"us-central1-analyzeATSReport"},"extension":{},"message":"\u001b[90m> \u001b[39m {\"verifications\":{\"app\":\"MISSING\",\"auth\":\"VALID\"},\"logging.googleapis.com/labels\":{\"firebase-log-type\":\"callable-request-verification\"},\"severity\":\"DEBUG\",\"message\":\"Callable request verification passed\"}"}}
[info] >  Stage 2 failed for photo 15 (power_meter): HttpsError: NVIDIA NIM API error (429): {"status":429,"title":"Too Many Requests"} {"user":"Stage 2 failed for photo 15 (power_meter): HttpsError: NVIDIA NIM API error (429): {\"status\":429,\"title\":\"Too Many Requests\"}","metadata":{"emulator":{"name":"functions"},"function":{"name":"us-central1-analyzeATSReport"},"extension":{},"message":"\u001b[90m> \u001b[39m Stage 2 failed for photo 15 (power_meter): HttpsError: NVIDIA NIM API error (429): {\"status\":429,\"title\":\"Too Many Requests\"}"}}
[info] >      at callNVIDIA (C:\Users\Gari Iriana\OneDrive\Documents\sultanah\utt-report-maintenance\functions\lib\index.js:43:15) {"user":"    at callNVIDIA \u001b[90m(C:\\Users\\Gari Iriana\\OneDrive\\Documents\\sultanah\\utt-report-maintenance\\functions\\\u001b[39mlib\\index.js:43:15\u001b[90m)\u001b[39m","metadata":{"emulator":{"name":"functions"},"function":{"name":"us-central1-analyzeATSReport"},"extension":{},"message":"\u001b[90m> \u001b[39m     at callNVIDIA \u001b[90m(C:\\Users\\Gari Iriana\\OneDrive\\Documents\\sultanah\\utt-report-maintenance\\functions\\\u001b[39mlib\\index.js:43:15\u001b[90m)\u001b[39m"}}
[info] >      at process.processTicksAndRejections (node:internal/process/task_queues:105:5) {"user":"\u001b[90m    at process.processTicksAndRejections (node:internal/process/task_queues:105:5)\u001b[39m","metadata":{"emulator":{"name":"functions"},"function":{"name":"us-central1-analyzeATSReport"},"extension":{},"message":"\u001b[90m> \u001b[39m \u001b[90m    at process.processTicksAndRejections (node:internal/process/task_queues:105:5)\u001b[39m"}}
[info] >      at async runSinglePhotoAnalysis (C:\Users\Gari Iriana\OneDrive\Documents\sultanah\utt-report-maintenance\functions\lib\index.js:119:16) {"user":"    at async runSinglePhotoAnalysis \u001b[90m(C:\\Users\\Gari Iriana\\OneDrive\\Documents\\sultanah\\utt-report-maintenance\\functions\\\u001b[39mlib\\index.js:119:16\u001b[90m)\u001b[39m","metadata":{"emulator":{"name":"functions"},"function":{"name":"us-central1-analyzeATSReport"},"extension":{},"message":"\u001b[90m> \u001b[39m     at async runSinglePhotoAnalysis \u001b[90m(C:\\Users\\Gari Iriana\\OneDrive\\Documents\\sultanah\\utt-report-maintenance\\functions\\\u001b[39mlib\\index.js:119:16\u001b[90m)\u001b[39m"}}
[info] >      at async Promise.all (index 14) {"user":"    at async Promise.all (index 14)","metadata":{"emulator":{"name":"functions"},"function":{"name":"us-central1-analyzeATSReport"},"extension":{},"message":"\u001b[90m> \u001b[39m     at async Promise.all (index 14)"}}
[info] >      at async C:\Users\Gari Iriana\OneDrive\Documents\sultanah\utt-report-maintenance\functions\lib\index.js:138:24 {"user":"    at async \u001b[90mC:\\Users\\Gari Iriana\\OneDrive\\Documents\\sultanah\\utt-report-maintenance\\functions\\\u001b[39mlib\\index.js:138:24","metadata":{"emulator":{"name":"functions"},"function":{"name":"us-central1-analyzeATSReport"},"extension":{},"message":"\u001b[90m> \u001b[39m     at async \u001b[90mC:\\Users\\Gari Iriana\\OneDrive\\Documents\\sultanah\\utt-report-maintenance\\functions\\\u001b[39mlib\\index.js:138:24"}}
[info] >      at async C:\Users\Gari Iriana\OneDrive\Documents\sultanah\utt-report-maintenance\functions\node_modules\firebase-functions\lib\common\providers\https.js:467:26 {"user":"    at async \u001b[90mC:\\Users\\Gari Iriana\\OneDrive\\Documents\\sultanah\\utt-report-maintenance\\functions\\\u001b[39mnode_modules\\\u001b[4mfirebase-functions\u001b[24m\\lib\\common\\providers\\https.js:467:26","metadata":{"emulator":{"name":"functions"},"function":{"name":"us-central1-analyzeATSReport"},"extension":{},"message":"\u001b[90m> \u001b[39m     at async \u001b[90mC:\\Users\\Gari Iriana\\OneDrive\\Documents\\sultanah\\utt-report-maintenance\\functions\\\u001b[39mnode_modules\\\u001b[4mfirebase-functions\u001b[24m\\lib\\common\\providers\\https.js:467:26"}}
[info] >      at async runFunction (C:\Users\Gari Iriana\AppData\Roaming\npm\node_modules\firebase-tools\lib\emulator\functionsEmulatorRuntime.js:400:9) {"user":"    at async runFunction (C:\\Users\\Gari Iriana\\AppData\\Roaming\\npm\\node_modules\\\u001b[4mfirebase-tools\u001b[24m\\lib\\emulator\\functionsEmulatorRuntime.js:400:9)","metadata":{"emulator":{"name":"functions"},"function":{"name":"us-central1-analyzeATSReport"},"extension":{},"message":"\u001b[90m> \u001b[39m     at async runFunction (C:\\Users\\Gari Iriana\\AppData\\Roaming\\npm\\node_modules\\\u001b[4mfirebase-tools\u001b[24m\\lib\\emulator\\functionsEmulatorRuntime.js:400:9)"}}
[info] >      at async runHTTPS (C:\Users\Gari Iriana\AppData\Roaming\npm\node_modules\firebase-tools\lib\emulator\functionsEmulatorRuntime.js:425:5) {"user":"    at async runHTTPS (C:\\Users\\Gari Iriana\\AppData\\Roaming\\npm\\node_modules\\\u001b[4mfirebase-tools\u001b[24m\\lib\\emulator\\functionsEmulatorRuntime.js:425:5)","metadata":{"emulator":{"name":"functions"},"function":{"name":"us-central1-analyzeATSReport"},"extension":{},"message":"\u001b[90m> \u001b[39m     at async runHTTPS (C:\\Users\\Gari Iriana\\AppData\\Roaming\\npm\\node_modules\\\u001b[4mfirebase-tools\u001b[24m\\lib\\emulator\\functionsEmulatorRuntime.js:425:5)"}}
[info] >      at async C:\Users\Gari Iriana\AppData\Roaming\npm\node_modules\firebase-tools\lib\emulator\functionsEmulatorRuntime.js:592:21 { {"user":"    at async C:\\Users\\Gari Iriana\\AppData\\Roaming\\npm\\node_modules\\\u001b[4mfirebase-tools\u001b[24m\\lib\\emulator\\functionsEmulatorRuntime.js:592:21 {","metadata":{"emulator":{"name":"functions"},"function":{"name":"us-central1-analyzeATSReport"},"extension":{},"message":"\u001b[90m> \u001b[39m     at async C:\\Users\\Gari Iriana\\AppData\\Roaming\\npm\\node_modules\\\u001b[4mfirebase-tools\u001b[24m\\lib\\emulator\\functionsEmulatorRuntime.js:592:21 {"}}
[info] >    code: 'internal', {"user":"  code: \u001b[32m'internal'\u001b[39m,","metadata":{"emulator":{"name":"functions"},"function":{"name":"us-central1-analyzeATSReport"},"extension":{},"message":"\u001b[90m> \u001b[39m   code: \u001b[32m'internal'\u001b[39m,"}}
[info] >    details: undefined, {"user":"  details: \u001b[90mundefined\u001b[39m,","metadata":{"emulator":{"name":"functions"},"function":{"name":"us-central1-analyzeATSReport"},"extension":{},"message":"\u001b[90m> \u001b[39m   details: \u001b[90mundefined\u001b[39m,"}}
[info] >    httpErrorCode: { canonicalName: 'INTERNAL', status: 500 } {"user":"  httpErrorCode: { canonicalName: \u001b[32m'INTERNAL'\u001b[39m, status: \u001b[33m500\u001b[39m }","metadata":{"emulator":{"name":"functions"},"function":{"name":"us-central1-analyzeATSReport"},"extension":{},"message":"\u001b[90m> \u001b[39m   httpErrorCode: { canonicalName: \u001b[32m'INTERNAL'\u001b[39m, status: \u001b[33m500\u001b[39m }"}}
[info] >  } {"user":"}","metadata":{"emulator":{"name":"functions"},"function":{"name":"us-central1-analyzeATSReport"},"extension":{},"message":"\u001b[90m> \u001b[39m }"}}
[info] >  Stage 2 failed for photo 6 (power_meter): HttpsError: NVIDIA NIM API error (429): {"status":429,"title":"Too Many Requests"} {"user":"Stage 2 failed for photo 6 (power_meter): HttpsError: NVIDIA NIM API error (429): {\"status\":429,\"title\":\"Too Many Requests\"}","metadata":{"emulator":{"name":"functions"},"function":{"name":"us-central1-analyzeATSReport"},"extension":{},"message":"\u001b[90m> \u001b[39m Stage 2 failed for photo 6 (power_meter): HttpsError: NVIDIA NIM API error (429): {\"status\":429,\"title\":\"Too Many Requests\"}"}}
[info] >      at callNVIDIA (C:\Users\Gari Iriana\OneDrive\Documents\sultanah\utt-report-maintenance\functions\lib\index.js:43:15) {"user":"    at callNVIDIA \u001b[90m(C:\\Users\\Gari Iriana\\OneDrive\\Documents\\sultanah\\utt-report-maintenance\\functions\\\u001b[39mlib\\index.js:43:15\u001b[90m)\u001b[39m","metadata":{"emulator":{"name":"functions"},"function":{"name":"us-central1-analyzeATSReport"},"extension":{},"message":"\u001b[90m> \u001b[39m     at callNVIDIA \u001b[90m(C:\\Users\\Gari Iriana\\OneDrive\\Documents\\sultanah\\utt-report-maintenance\\functions\\\u001b[39mlib\\index.js:43:15\u001b[90m)\u001b[39m"}}
[info] >      at process.processTicksAndRejections (node:internal/process/task_queues:105:5) {"user":"\u001b[90m    at process.processTicksAndRejections (node:internal/process/task_queues:105:5)\u001b[39m","metadata":{"emulator":{"name":"functions"},"function":{"name":"us-central1-analyzeATSReport"},"extension":{},"message":"\u001b[90m> \u001b[39m \u001b[90m    at process.processTicksAndRejections (node:internal/process/task_queues:105:5)\u001b[39m"}}
[info] >      at async runSinglePhotoAnalysis (C:\Users\Gari Iriana\OneDrive\Documents\sultanah\utt-report-maintenance\functions\lib\index.js:119:16) {"user":"    at async runSinglePhotoAnalysis \u001b[90m(C:\\Users\\Gari Iriana\\OneDrive\\Documents\\sultanah\\utt-report-maintenance\\functions\\\u001b[39mlib\\index.js:119:16\u001b[90m)\u001b[39m","metadata":{"emulator":{"name":"functions"},"function":{"name":"us-central1-analyzeATSReport"},"extension":{},"message":"\u001b[90m> \u001b[39m     at async runSinglePhotoAnalysis \u001b[90m(C:\\Users\\Gari Iriana\\OneDrive\\Documents\\sultanah\\utt-report-maintenance\\functions\\\u001b[39mlib\\index.js:119:16\u001b[90m)\u001b[39m"}}
[info] >      at async Promise.all (index 5) {"user":"    at async Promise.all (index 5)","metadata":{"emulator":{"name":"functions"},"function":{"name":"us-central1-analyzeATSReport"},"extension":{},"message":"\u001b[90m> \u001b[39m     at async Promise.all (index 5)"}}
[info] >      at async C:\Users\Gari Iriana\OneDrive\Documents\sultanah\utt-report-maintenance\functions\lib\index.js:138:24 {"user":"    at async \u001b[90mC:\\Users\\Gari Iriana\\OneDrive\\Documents\\sultanah\\utt-report-maintenance\\functions\\\u001b[39mlib\\index.js:138:24","metadata":{"emulator":{"name":"functions"},"function":{"name":"us-central1-analyzeATSReport"},"extension":{},"message":"\u001b[90m> \u001b[39m     at async \u001b[90mC:\\Users\\Gari Iriana\\OneDrive\\Documents\\sultanah\\utt-report-maintenance\\functions\\\u001b[39mlib\\index.js:138:24"}}
[info] >      at async C:\Users\Gari Iriana\OneDrive\Documents\sultanah\utt-report-maintenance\functions\node_modules\firebase-functions\lib\common\providers\https.js:467:26 {"user":"    at async \u001b[90mC:\\Users\\Gari Iriana\\OneDrive\\Documents\\sultanah\\utt-report-maintenance\\functions\\\u001b[39mnode_modules\\\u001b[4mfirebase-functions\u001b[24m\\lib\\common\\providers\\https.js:467:26","metadata":{"emulator":{"name":"functions"},"function":{"name":"us-central1-analyzeATSReport"},"extension":{},"message":"\u001b[90m> \u001b[39m     at async \u001b[90mC:\\Users\\Gari Iriana\\OneDrive\\Documents\\sultanah\\utt-report-maintenance\\functions\\\u001b[39mnode_modules\\\u001b[4mfirebase-functions\u001b[24m\\lib\\common\\providers\\https.js:467:26"}}
[info] >      at async runFunction (C:\Users\Gari Iriana\AppData\Roaming\npm\node_modules\firebase-tools\lib\emulator\functionsEmulatorRuntime.js:400:9) {"user":"    at async runFunction (C:\\Users\\Gari Iriana\\AppData\\Roaming\\npm\\node_modules\\\u001b[4mfirebase-tools\u001b[24m\\lib\\emulator\\functionsEmulatorRuntime.js:400:9)","metadata":{"emulator":{"name":"functions"},"function":{"name":"us-central1-analyzeATSReport"},"extension":{},"message":"\u001b[90m> \u001b[39m     at async runFunction (C:\\Users\\Gari Iriana\\AppData\\Roaming\\npm\\node_modules\\\u001b[4mfirebase-tools\u001b[24m\\lib\\emulator\\functionsEmulatorRuntime.js:400:9)"}}
[info] >      at async runHTTPS (C:\Users\Gari Iriana\AppData\Roaming\npm\node_modules\firebase-tools\lib\emulator\functionsEmulatorRuntime.js:425:5) {"user":"    at async runHTTPS (C:\\Users\\Gari Iriana\\AppData\\Roaming\\npm\\node_modules\\\u001b[4mfirebase-tools\u001b[24m\\lib\\emulator\\functionsEmulatorRuntime.js:425:5)","metadata":{"emulator":{"name":"functions"},"function":{"name":"us-central1-analyzeATSReport"},"extension":{},"message":"\u001b[90m> \u001b[39m     at async runHTTPS (C:\\Users\\Gari Iriana\\AppData\\Roaming\\npm\\node_modules\\\u001b[4mfirebase-tools\u001b[24m\\lib\\emulator\\functionsEmulatorRuntime.js:425:5)"}}
[info] >      at async C:\Users\Gari Iriana\AppData\Roaming\npm\node_modules\firebase-tools\lib\emulator\functionsEmulatorRuntime.js:592:21 { {"user":"    at async C:\\Users\\Gari Iriana\\AppData\\Roaming\\npm\\node_modules\\\u001b[4mfirebase-tools\u001b[24m\\lib\\emulator\\functionsEmulatorRuntime.js:592:21 {","metadata":{"emulator":{"name":"functions"},"function":{"name":"us-central1-analyzeATSReport"},"extension":{},"message":"\u001b[90m> \u001b[39m     at async C:\\Users\\Gari Iriana\\AppData\\Roaming\\npm\\node_modules\\\u001b[4mfirebase-tools\u001b[24m\\lib\\emulator\\functionsEmulatorRuntime.js:592:21 {"}}
[info] >    code: 'internal', {"user":"  code: \u001b[32m'internal'\u001b[39m,","metadata":{"emulator":{"name":"functions"},"function":{"name":"us-central1-analyzeATSReport"},"extension":{},"message":"\u001b[90m> \u001b[39m   code: \u001b[32m'internal'\u001b[39m,"}}
[info] >    details: undefined, {"user":"  details: \u001b[90mundefined\u001b[39m,","metadata":{"emulator":{"name":"functions"},"function":{"name":"us-central1-analyzeATSReport"},"extension":{},"message":"\u001b[90m> \u001b[39m   details: \u001b[90mundefined\u001b[39m,"}}
[info] >    httpErrorCode: { canonicalName: 'INTERNAL', status: 500 } {"user":"  httpErrorCode: { canonicalName: \u001b[32m'INTERNAL'\u001b[39m, status: \u001b[33m500\u001b[39m }","metadata":{"emulator":{"name":"functions"},"function":{"name":"us-central1-analyzeATSReport"},"extension":{},"message":"\u001b[90m> \u001b[39m   httpErrorCode: { canonicalName: \u001b[32m'INTERNAL'\u001b[39m, status: \u001b[33m500\u001b[39m }"}}
[info] >  } {"user":"}","metadata":{"emulator":{"name":"functions"},"function":{"name":"us-central1-analyzeATSReport"},"extension":{},"message":"\u001b[90m> \u001b[39m }"}}
[info] >  Stage 2 failed for photo 4 (grounding): HttpsError: NVIDIA NIM API error (429): {"status":429,"title":"Too Many Requests"} {"user":"Stage 2 failed for photo 4 (grounding): HttpsError: NVIDIA NIM API error (429): {\"status\":429,\"title\":\"Too Many Requests\"}","metadata":{"emulator":{"name":"functions"},"function":{"name":"us-central1-analyzeATSReport"},"extension":{},"message":"\u001b[90m> \u001b[39m Stage 2 failed for photo 4 (grounding): HttpsError: NVIDIA NIM API error (429): {\"status\":429,\"title\":\"Too Many Requests\"}"}}
[info] >      at callNVIDIA (C:\Users\Gari Iriana\OneDrive\Documents\sultanah\utt-report-maintenance\functions\lib\index.js:43:15) {"user":"    at callNVIDIA \u001b[90m(C:\\Users\\Gari Iriana\\OneDrive\\Documents\\sultanah\\utt-report-maintenance\\functions\\\u001b[39mlib\\index.js:43:15\u001b[90m)\u001b[39m","metadata":{"emulator":{"name":"functions"},"function":{"name":"us-central1-analyzeATSReport"},"extension":{},"message":"\u001b[90m> \u001b[39m     at callNVIDIA \u001b[90m(C:\\Users\\Gari Iriana\\OneDrive\\Documents\\sultanah\\utt-report-maintenance\\functions\\\u001b[39mlib\\index.js:43:15\u001b[90m)\u001b[39m"}}
[info] >      at process.processTicksAndRejections (node:internal/process/task_queues:105:5) {"user":"\u001b[90m    at process.processTicksAndRejections (node:internal/process/task_queues:105:5)\u001b[39m","metadata":{"emulator":{"name":"functions"},"function":{"name":"us-central1-analyzeATSReport"},"extension":{},"message":"\u001b[90m> \u001b[39m \u001b[90m    at process.processTicksAndRejections (node:internal/process/task_queues:105:5)\u001b[39m"}}
[info] >      at async runSinglePhotoAnalysis (C:\Users\Gari Iriana\OneDrive\Documents\sultanah\utt-report-maintenance\functions\lib\index.js:119:16) {"user":"    at async runSinglePhotoAnalysis \u001b[90m(C:\\Users\\Gari Iriana\\OneDrive\\Documents\\sultanah\\utt-report-maintenance\\functions\\\u001b[39mlib\\index.js:119:16\u001b[90m)\u001b[39m","metadata":{"emulator":{"name":"functions"},"function":{"name":"us-central1-analyzeATSReport"},"extension":{},"message":"\u001b[90m> \u001b[39m     at async runSinglePhotoAnalysis \u001b[90m(C:\\Users\\Gari Iriana\\OneDrive\\Documents\\sultanah\\utt-report-maintenance\\functions\\\u001b[39mlib\\index.js:119:16\u001b[90m)\u001b[39m"}}
[info] >      at async Promise.all (index 3) {"user":"    at async Promise.all (index 3)","metadata":{"emulator":{"name":"functions"},"function":{"name":"us-central1-analyzeATSReport"},"extension":{},"message":"\u001b[90m> \u001b[39m     at async Promise.all (index 3)"}}
[info] >      at async C:\Users\Gari Iriana\OneDrive\Documents\sultanah\utt-report-maintenance\functions\lib\index.js:138:24 {"user":"    at async \u001b[90mC:\\Users\\Gari Iriana\\OneDrive\\Documents\\sultanah\\utt-report-maintenance\\functions\\\u001b[39mlib\\index.js:138:24","metadata":{"emulator":{"name":"functions"},"function":{"name":"us-central1-analyzeATSReport"},"extension":{},"message":"\u001b[90m> \u001b[39m     at async \u001b[90mC:\\Users\\Gari Iriana\\OneDrive\\Documents\\sultanah\\utt-report-maintenance\\functions\\\u001b[39mlib\\index.js:138:24"}}
[info] >      at async C:\Users\Gari Iriana\OneDrive\Documents\sultanah\utt-report-maintenance\functions\node_modules\firebase-functions\lib\common\providers\https.js:467:26 {"user":"    at async \u001b[90mC:\\Users\\Gari Iriana\\OneDrive\\Documents\\sultanah\\utt-report-maintenance\\functions\\\u001b[39mnode_modules\\\u001b[4mfirebase-functions\u001b[24m\\lib\\common\\providers\\https.js:467:26","metadata":{"emulator":{"name":"functions"},"function":{"name":"us-central1-analyzeATSReport"},"extension":{},"message":"\u001b[90m> \u001b[39m     at async \u001b[90mC:\\Users\\Gari Iriana\\OneDrive\\Documents\\sultanah\\utt-report-maintenance\\functions\\\u001b[39mnode_modules\\\u001b[4mfirebase-functions\u001b[24m\\lib\\common\\providers\\https.js:467:26"}}
[info] >      at async runFunction (C:\Users\Gari Iriana\AppData\Roaming\npm\node_modules\firebase-tools\lib\emulator\functionsEmulatorRuntime.js:400:9) {"user":"    at async runFunction (C:\\Users\\Gari Iriana\\AppData\\Roaming\\npm\\node_modules\\\u001b[4mfirebase-tools\u001b[24m\\lib\\emulator\\functionsEmulatorRuntime.js:400:9)","metadata":{"emulator":{"name":"functions"},"function":{"name":"us-central1-analyzeATSReport"},"extension":{},"message":"\u001b[90m> \u001b[39m     at async runFunction (C:\\Users\\Gari Iriana\\AppData\\Roaming\\npm\\node_modules\\\u001b[4mfirebase-tools\u001b[24m\\lib\\emulator\\functionsEmulatorRuntime.js:400:9)"}}
[info] >      at async runHTTPS (C:\Users\Gari Iriana\AppData\Roaming\npm\node_modules\firebase-tools\lib\emulator\functionsEmulatorRuntime.js:425:5) {"user":"    at async runHTTPS (C:\\Users\\Gari Iriana\\AppData\\Roaming\\npm\\node_modules\\\u001b[4mfirebase-tools\u001b[24m\\lib\\emulator\\functionsEmulatorRuntime.js:425:5)","metadata":{"emulator":{"name":"functions"},"function":{"name":"us-central1-analyzeATSReport"},"extension":{},"message":"\u001b[90m> \u001b[39m     at async runHTTPS (C:\\Users\\Gari Iriana\\AppData\\Roaming\\npm\\node_modules\\\u001b[4mfirebase-tools\u001b[24m\\lib\\emulator\\functionsEmulatorRuntime.js:425:5)"}}
[info] >      at async C:\Users\Gari Iriana\AppData\Roaming\npm\node_modules\firebase-tools\lib\emulator\functionsEmulatorRuntime.js:592:21 { {"user":"    at async C:\\Users\\Gari Iriana\\AppData\\Roaming\\npm\\node_modules\\\u001b[4mfirebase-tools\u001b[24m\\lib\\emulator\\functionsEmulatorRuntime.js:592:21 {","metadata":{"emulator":{"name":"functions"},"function":{"name":"us-central1-analyzeATSReport"},"extension":{},"message":"\u001b[90m> \u001b[39m     at async C:\\Users\\Gari Iriana\\AppData\\Roaming\\npm\\node_modules\\\u001b[4mfirebase-tools\u001b[24m\\lib\\emulator\\functionsEmulatorRuntime.js:592:21 {"}}
[info] >    code: 'internal', {"user":"  code: \u001b[32m'internal'\u001b[39m,","metadata":{"emulator":{"name":"functions"},"function":{"name":"us-central1-analyzeATSReport"},"extension":{},"message":"\u001b[90m> \u001b[39m   code: \u001b[32m'internal'\u001b[39m,"}}
[info] >    details: undefined, {"user":"  details: \u001b[90mundefined\u001b[39m,","metadata":{"emulator":{"name":"functions"},"function":{"name":"us-central1-analyzeATSReport"},"extension":{},"message":"\u001b[90m> \u001b[39m   details: \u001b[90mundefined\u001b[39m,"}}
[info] >    httpErrorCode: { canonicalName: 'INTERNAL', status: 500 } {"user":"  httpErrorCode: { canonicalName: \u001b[32m'INTERNAL'\u001b[39m, status: \u001b[33m500\u001b[39m }","metadata":{"emulator":{"name":"functions"},"function":{"name":"us-central1-analyzeATSReport"},"extension":{},"message":"\u001b[90m> \u001b[39m   httpErrorCode: { canonicalName: \u001b[32m'INTERNAL'\u001b[39m, status: \u001b[33m500\u001b[39m }"}}
[info] >  } {"user":"}","metadata":{"emulator":{"name":"functions"},"function":{"name":"us-central1-analyzeATSReport"},"extension":{},"message":"\u001b[90m> \u001b[39m }"}}
[info] >  Stage 2 failed for photo 3 (thermal): HttpsError: NVIDIA NIM API error (429): {"status":429,"title":"Too Many Requests"} {"user":"Stage 2 failed for photo 3 (thermal): HttpsError: NVIDIA NIM API error (429): {\"status\":429,\"title\":\"Too Many Requests\"}","metadata":{"emulator":{"name":"functions"},"function":{"name":"us-central1-analyzeATSReport"},"extension":{},"message":"\u001b[90m> \u001b[39m Stage 2 failed for photo 3 (thermal): HttpsError: NVIDIA NIM API error (429): {\"status\":429,\"title\":\"Too Many Requests\"}"}}
[info] >      at callNVIDIA (C:\Users\Gari Iriana\OneDrive\Documents\sultanah\utt-report-maintenance\functions\lib\index.js:43:15) {"user":"    at callNVIDIA \u001b[90m(C:\\Users\\Gari Iriana\\OneDrive\\Documents\\sultanah\\utt-report-maintenance\\functions\\\u001b[39mlib\\index.js:43:15\u001b[90m)\u001b[39m","metadata":{"emulator":{"name":"functions"},"function":{"name":"us-central1-analyzeATSReport"},"extension":{},"message":"\u001b[90m> \u001b[39m     at callNVIDIA \u001b[90m(C:\\Users\\Gari Iriana\\OneDrive\\Documents\\sultanah\\utt-report-maintenance\\functions\\\u001b[39mlib\\index.js:43:15\u001b[90m)\u001b[39m"}}
[info] >      at process.processTicksAndRejections (node:internal/process/task_queues:105:5) {"user":"\u001b[90m    at process.processTicksAndRejections (node:internal/process/task_queues:105:5)\u001b[39m","metadata":{"emulator":{"name":"functions"},"function":{"name":"us-central1-analyzeATSReport"},"extension":{},"message":"\u001b[90m> \u001b[39m \u001b[90m    at process.processTicksAndRejections (node:internal/process/task_queues:105:5)\u001b[39m"}}
[info] >      at async runSinglePhotoAnalysis (C:\Users\Gari Iriana\OneDrive\Documents\sultanah\utt-report-maintenance\functions\lib\index.js:119:16) {"user":"    at async runSinglePhotoAnalysis \u001b[90m(C:\\Users\\Gari Iriana\\OneDrive\\Documents\\sultanah\\utt-report-maintenance\\functions\\\u001b[39mlib\\index.js:119:16\u001b[90m)\u001b[39m","metadata":{"emulator":{"name":"functions"},"function":{"name":"us-central1-analyzeATSReport"},"extension":{},"message":"\u001b[90m> \u001b[39m     at async runSinglePhotoAnalysis \u001b[90m(C:\\Users\\Gari Iriana\\OneDrive\\Documents\\sultanah\\utt-report-maintenance\\functions\\\u001b[39mlib\\index.js:119:16\u001b[90m)\u001b[39m"}}
[info] >      at async Promise.all (index 2) {"user":"    at async Promise.all (index 2)","metadata":{"emulator":{"name":"functions"},"function":{"name":"us-central1-analyzeATSReport"},"extension":{},"message":"\u001b[90m> \u001b[39m     at async Promise.all (index 2)"}}
[info] >      at async C:\Users\Gari Iriana\OneDrive\Documents\sultanah\utt-report-maintenance\functions\lib\index.js:138:24 {"user":"    at async \u001b[90mC:\\Users\\Gari Iriana\\OneDrive\\Documents\\sultanah\\utt-report-maintenance\\functions\\\u001b[39mlib\\index.js:138:24","metadata":{"emulator":{"name":"functions"},"function":{"name":"us-central1-analyzeATSReport"},"extension":{},"message":"\u001b[90m> \u001b[39m     at async \u001b[90mC:\\Users\\Gari Iriana\\OneDrive\\Documents\\sultanah\\utt-report-maintenance\\functions\\\u001b[39mlib\\index.js:138:24"}}
[info] >      at async C:\Users\Gari Iriana\OneDrive\Documents\sultanah\utt-report-maintenance\functions\node_modules\firebase-functions\lib\common\providers\https.js:467:26 {"user":"    at async \u001b[90mC:\\Users\\Gari Iriana\\OneDrive\\Documents\\sultanah\\utt-report-maintenance\\functions\\\u001b[39mnode_modules\\\u001b[4mfirebase-functions\u001b[24m\\lib\\common\\providers\\https.js:467:26","metadata":{"emulator":{"name":"functions"},"function":{"name":"us-central1-analyzeATSReport"},"extension":{},"message":"\u001b[90m> \u001b[39m     at async \u001b[90mC:\\Users\\Gari Iriana\\OneDrive\\Documents\\sultanah\\utt-report-maintenance\\functions\\\u001b[39mnode_modules\\\u001b[4mfirebase-functions\u001b[24m\\lib\\common\\providers\\https.js:467:26"}}
[info] >      at async runFunction (C:\Users\Gari Iriana\AppData\Roaming\npm\node_modules\firebase-tools\lib\emulator\functionsEmulatorRuntime.js:400:9) {"user":"    at async runFunction (C:\\Users\\Gari Iriana\\AppData\\Roaming\\npm\\node_modules\\\u001b[4mfirebase-tools\u001b[24m\\lib\\emulator\\functionsEmulatorRuntime.js:400:9)","metadata":{"emulator":{"name":"functions"},"function":{"name":"us-central1-analyzeATSReport"},"extension":{},"message":"\u001b[90m> \u001b[39m     at async runFunction (C:\\Users\\Gari Iriana\\AppData\\Roaming\\npm\\node_modules\\\u001b[4mfirebase-tools\u001b[24m\\lib\\emulator\\functionsEmulatorRuntime.js:400:9)"}}
[info] >      at async runHTTPS (C:\Users\Gari Iriana\AppData\Roaming\npm\node_modules\firebase-tools\lib\emulator\functionsEmulatorRuntime.js:425:5) {"user":"    at async runHTTPS (C:\\Users\\Gari Iriana\\AppData\\Roaming\\npm\\node_modules\\\u001b[4mfirebase-tools\u001b[24m\\lib\\emulator\\functionsEmulatorRuntime.js:425:5)","metadata":{"emulator":{"name":"functions"},"function":{"name":"us-central1-analyzeATSReport"},"extension":{},"message":"\u001b[90m> \u001b[39m     at async runHTTPS (C:\\Users\\Gari Iriana\\AppData\\Roaming\\npm\\node_modules\\\u001b[4mfirebase-tools\u001b[24m\\lib\\emulator\\functionsEmulatorRuntime.js:425:5)"}}
[info] >      at async C:\Users\Gari Iriana\AppData\Roaming\npm\node_modules\firebase-tools\lib\emulator\functionsEmulatorRuntime.js:592:21 { {"user":"    at async C:\\Users\\Gari Iriana\\AppData\\Roaming\\npm\\node_modules\\\u001b[4mfirebase-tools\u001b[24m\\lib\\emulator\\functionsEmulatorRuntime.js:592:21 {","metadata":{"emulator":{"name":"functions"},"function":{"name":"us-central1-analyzeATSReport"},"extension":{},"message":"\u001b[90m> \u001b[39m     at async C:\\Users\\Gari Iriana\\AppData\\Roaming\\npm\\node_modules\\\u001b[4mfirebase-tools\u001b[24m\\lib\\emulator\\functionsEmulatorRuntime.js:592:21 {"}}
[info] >    code: 'internal', {"user":"  code: \u001b[32m'internal'\u001b[39m,","metadata":{"emulator":{"name":"functions"},"function":{"name":"us-central1-analyzeATSReport"},"extension":{},"message":"\u001b[90m> \u001b[39m   code: \u001b[32m'internal'\u001b[39m,"}}
[info] >    details: undefined, {"user":"  details: \u001b[90mundefined\u001b[39m,","metadata":{"emulator":{"name":"functions"},"function":{"name":"us-central1-analyzeATSReport"},"extension":{},"message":"\u001b[90m> \u001b[39m   details: \u001b[90mundefined\u001b[39m,"}}
[info] >    httpErrorCode: { canonicalName: 'INTERNAL', status: 500 } {"user":"  httpErrorCode: { canonicalName: \u001b[32m'INTERNAL'\u001b[39m, status: \u001b[33m500\u001b[39m }","metadata":{"emulator":{"name":"functions"},"function":{"name":"us-central1-analyzeATSReport"},"extension":{},"message":"\u001b[90m> \u001b[39m   httpErrorCode: { canonicalName: \u001b[32m'INTERNAL'\u001b[39m, status: \u001b[33m500\u001b[39m }"}}
[info] >  } {"user":"}","metadata":{"emulator":{"name":"functions"},"function":{"name":"us-central1-analyzeATSReport"},"extension":{},"message":"\u001b[90m> \u001b[39m }"}}
[info] >  Stage 2 failed for photo 13 (power_meter): HttpsError: NVIDIA NIM API error (429): {"status":429,"title":"Too Many Requests"} {"user":"Stage 2 failed for photo 13 (power_meter): HttpsError: NVIDIA NIM API error (429): {\"status\":429,\"title\":\"Too Many Requests\"}","metadata":{"emulator":{"name":"functions"},"function":{"name":"us-central1-analyzeATSReport"},"extension":{},"message":"\u001b[90m> \u001b[39m Stage 2 failed for photo 13 (power_meter): HttpsError: NVIDIA NIM API error (429): {\"status\":429,\"title\":\"Too Many Requests\"}"}}
[info] >      at callNVIDIA (C:\Users\Gari Iriana\OneDrive\Documents\sultanah\utt-report-maintenance\functions\lib\index.js:43:15) {"user":"    at callNVIDIA \u001b[90m(C:\\Users\\Gari Iriana\\OneDrive\\Documents\\sultanah\\utt-report-maintenance\\functions\\\u001b[39mlib\\index.js:43:15\u001b[90m)\u001b[39m","metadata":{"emulator":{"name":"functions"},"function":{"name":"us-central1-analyzeATSReport"},"extension":{},"message":"\u001b[90m> \u001b[39m     at callNVIDIA \u001b[90m(C:\\Users\\Gari Iriana\\OneDrive\\Documents\\sultanah\\utt-report-maintenance\\functions\\\u001b[39mlib\\index.js:43:15\u001b[90m)\u001b[39m"}}
[info] >      at process.processTicksAndRejections (node:internal/process/task_queues:105:5) {"user":"\u001b[90m    at process.processTicksAndRejections (node:internal/process/task_queues:105:5)\u001b[39m","metadata":{"emulator":{"name":"functions"},"function":{"name":"us-central1-analyzeATSReport"},"extension":{},"message":"\u001b[90m> \u001b[39m \u001b[90m    at process.processTicksAndRejections (node:internal/process/task_queues:105:5)\u001b[39m"}}
[info] >      at async runSinglePhotoAnalysis (C:\Users\Gari Iriana\OneDrive\Documents\sultanah\utt-report-maintenance\functions\lib\index.js:119:16) {"user":"    at async runSinglePhotoAnalysis \u001b[90m(C:\\Users\\Gari Iriana\\OneDrive\\Documents\\sultanah\\utt-report-maintenance\\functions\\\u001b[39mlib\\index.js:119:16\u001b[90m)\u001b[39m","metadata":{"emulator":{"name":"functions"},"function":{"name":"us-central1-analyzeATSReport"},"extension":{},"message":"\u001b[90m> \u001b[39m     at async runSinglePhotoAnalysis \u001b[90m(C:\\Users\\Gari Iriana\\OneDrive\\Documents\\sultanah\\utt-report-maintenance\\functions\\\u001b[39mlib\\index.js:119:16\u001b[90m)\u001b[39m"}}
[info] >      at async Promise.all (index 12) {"user":"    at async Promise.all (index 12)","metadata":{"emulator":{"name":"functions"},"function":{"name":"us-central1-analyzeATSReport"},"extension":{},"message":"\u001b[90m> \u001b[39m     at async Promise.all (index 12)"}}
[info] >      at async C:\Users\Gari Iriana\OneDrive\Documents\sultanah\utt-report-maintenance\functions\lib\index.js:138:24 {"user":"    at async \u001b[90mC:\\Users\\Gari Iriana\\OneDrive\\Documents\\sultanah\\utt-report-maintenance\\functions\\\u001b[39mlib\\index.js:138:24","metadata":{"emulator":{"name":"functions"},"function":{"name":"us-central1-analyzeATSReport"},"extension":{},"message":"\u001b[90m> \u001b[39m     at async \u001b[90mC:\\Users\\Gari Iriana\\OneDrive\\Documents\\sultanah\\utt-report-maintenance\\functions\\\u001b[39mlib\\index.js:138:24"}}
[info] >      at async C:\Users\Gari Iriana\OneDrive\Documents\sultanah\utt-report-maintenance\functions\node_modules\firebase-functions\lib\common\providers\https.js:467:26 {"user":"    at async \u001b[90mC:\\Users\\Gari Iriana\\OneDrive\\Documents\\sultanah\\utt-report-maintenance\\functions\\\u001b[39mnode_modules\\\u001b[4mfirebase-functions\u001b[24m\\lib\\common\\providers\\https.js:467:26","metadata":{"emulator":{"name":"functions"},"function":{"name":"us-central1-analyzeATSReport"},"extension":{},"message":"\u001b[90m> \u001b[39m     at async \u001b[90mC:\\Users\\Gari Iriana\\OneDrive\\Documents\\sultanah\\utt-report-maintenance\\functions\\\u001b[39mnode_modules\\\u001b[4mfirebase-functions\u001b[24m\\lib\\common\\providers\\https.js:467:26"}}
[info] >      at async runFunction (C:\Users\Gari Iriana\AppData\Roaming\npm\node_modules\firebase-tools\lib\emulator\functionsEmulatorRuntime.js:400:9) {"user":"    at async runFunction (C:\\Users\\Gari Iriana\\AppData\\Roaming\\npm\\node_modules\\\u001b[4mfirebase-tools\u001b[24m\\lib\\emulator\\functionsEmulatorRuntime.js:400:9)","metadata":{"emulator":{"name":"functions"},"function":{"name":"us-central1-analyzeATSReport"},"extension":{},"message":"\u001b[90m> \u001b[39m     at async runFunction (C:\\Users\\Gari Iriana\\AppData\\Roaming\\npm\\node_modules\\\u001b[4mfirebase-tools\u001b[24m\\lib\\emulator\\functionsEmulatorRuntime.js:400:9)"}}
[info] >      at async runHTTPS (C:\Users\Gari Iriana\AppData\Roaming\npm\node_modules\firebase-tools\lib\emulator\functionsEmulatorRuntime.js:425:5) {"user":"    at async runHTTPS (C:\\Users\\Gari Iriana\\AppData\\Roaming\\npm\\node_modules\\\u001b[4mfirebase-tools\u001b[24m\\lib\\emulator\\functionsEmulatorRuntime.js:425:5)","metadata":{"emulator":{"name":"functions"},"function":{"name":"us-central1-analyzeATSReport"},"extension":{},"message":"\u001b[90m> \u001b[39m     at async runHTTPS (C:\\Users\\Gari Iriana\\AppData\\Roaming\\npm\\node_modules\\\u001b[4mfirebase-tools\u001b[24m\\lib\\emulator\\functionsEmulatorRuntime.js:425:5)"}}
[info] >      at async C:\Users\Gari Iriana\AppData\Roaming\npm\node_modules\firebase-tools\lib\emulator\functionsEmulatorRuntime.js:592:21 { {"user":"    at async C:\\Users\\Gari Iriana\\AppData\\Roaming\\npm\\node_modules\\\u001b[4mfirebase-tools\u001b[24m\\lib\\emulator\\functionsEmulatorRuntime.js:592:21 {","metadata":{"emulator":{"name":"functions"},"function":{"name":"us-central1-analyzeATSReport"},"extension":{},"message":"\u001b[90m> \u001b[39m     at async C:\\Users\\Gari Iriana\\AppData\\Roaming\\npm\\node_modules\\\u001b[4mfirebase-tools\u001b[24m\\lib\\emulator\\functionsEmulatorRuntime.js:592:21 {"}}
[info] >    code: 'internal', {"user":"  code: \u001b[32m'internal'\u001b[39m,","metadata":{"emulator":{"name":"functions"},"function":{"name":"us-central1-analyzeATSReport"},"extension":{},"message":"\u001b[90m> \u001b[39m   code: \u001b[32m'internal'\u001b[39m,"}}
[info] >    details: undefined, {"user":"  details: \u001b[90mundefined\u001b[39m,","metadata":{"emulator":{"name":"functions"},"function":{"name":"us-central1-analyzeATSReport"},"extension":{},"message":"\u001b[90m> \u001b[39m   details: \u001b[90mundefined\u001b[39m,"}}
[info] >    httpErrorCode: { canonicalName: 'INTERNAL', status: 500 } {"user":"  httpErrorCode: { canonicalName: \u001b[32m'INTERNAL'\u001b[39m, status: \u001b[33m500\u001b[39m }","metadata":{"emulator":{"name":"functions"},"function":{"name":"us-central1-analyzeATSReport"},"extension":{},"message":"\u001b[90m> \u001b[39m   httpErrorCode: { canonicalName: \u001b[32m'INTERNAL'\u001b[39m, status: \u001b[33m500\u001b[39m }"}}
[info] >  } {"user":"}","metadata":{"emulator":{"name":"functions"},"function":{"name":"us-central1-analyzeATSReport"},"extension":{},"message":"\u001b[90m> \u001b[39m }"}}
[info] >  Stage 2 failed for photo 12 (power_meter): HttpsError: NVIDIA NIM API error (429): {"status":429,"title":"Too Many Requests"} {"user":"Stage 2 failed for photo 12 (power_meter): HttpsError: NVIDIA NIM API error (429): {\"status\":429,\"title\":\"Too Many Requests\"}","metadata":{"emulator":{"name":"functions"},"function":{"name":"us-central1-analyzeATSReport"},"extension":{},"message":"\u001b[90m> \u001b[39m Stage 2 failed for photo 12 (power_meter): HttpsError: NVIDIA NIM API error (429): {\"status\":429,\"title\":\"Too Many Requests\"}"}}
[info] >      at callNVIDIA (C:\Users\Gari Iriana\OneDrive\Documents\sultanah\utt-report-maintenance\functions\lib\index.js:43:15) {"user":"    at callNVIDIA \u001b[90m(C:\\Users\\Gari Iriana\\OneDrive\\Documents\\sultanah\\utt-report-maintenance\\functions\\\u001b[39mlib\\index.js:43:15\u001b[90m)\u001b[39m","metadata":{"emulator":{"name":"functions"},"function":{"name":"us-central1-analyzeATSReport"},"extension":{},"message":"\u001b[90m> \u001b[39m     at callNVIDIA \u001b[90m(C:\\Users\\Gari Iriana\\OneDrive\\Documents\\sultanah\\utt-report-maintenance\\functions\\\u001b[39mlib\\index.js:43:15\u001b[90m)\u001b[39m"}}
[info] >      at process.processTicksAndRejections (node:internal/process/task_queues:105:5) {"user":"\u001b[90m    at process.processTicksAndRejections (node:internal/process/task_queues:105:5)\u001b[39m","metadata":{"emulator":{"name":"functions"},"function":{"name":"us-central1-analyzeATSReport"},"extension":{},"message":"\u001b[90m> \u001b[39m \u001b[90m    at process.processTicksAndRejections (node:internal/process/task_queues:105:5)\u001b[39m"}}
[info] >      at async runSinglePhotoAnalysis (C:\Users\Gari Iriana\OneDrive\Documents\sultanah\utt-report-maintenance\functions\lib\index.js:119:16) {"user":"    at async runSinglePhotoAnalysis \u001b[90m(C:\\Users\\Gari Iriana\\OneDrive\\Documents\\sultanah\\utt-report-maintenance\\functions\\\u001b[39mlib\\index.js:119:16\u001b[90m)\u001b[39m","metadata":{"emulator":{"name":"functions"},"function":{"name":"us-central1-analyzeATSReport"},"extension":{},"message":"\u001b[90m> \u001b[39m     at async runSinglePhotoAnalysis \u001b[90m(C:\\Users\\Gari Iriana\\OneDrive\\Documents\\sultanah\\utt-report-maintenance\\functions\\\u001b[39mlib\\index.js:119:16\u001b[90m)\u001b[39m"}}
[info] >      at async Promise.all (index 11) {"user":"    at async Promise.all (index 11)","metadata":{"emulator":{"name":"functions"},"function":{"name":"us-central1-analyzeATSReport"},"extension":{},"message":"\u001b[90m> \u001b[39m     at async Promise.all (index 11)"}}
[info] >      at async C:\Users\Gari Iriana\OneDrive\Documents\sultanah\utt-report-maintenance\functions\lib\index.js:138:24 {"user":"    at async \u001b[90mC:\\Users\\Gari Iriana\\OneDrive\\Documents\\sultanah\\utt-report-maintenance\\functions\\\u001b[39mlib\\index.js:138:24","metadata":{"emulator":{"name":"functions"},"function":{"name":"us-central1-analyzeATSReport"},"extension":{},"message":"\u001b[90m> \u001b[39m     at async \u001b[90mC:\\Users\\Gari Iriana\\OneDrive\\Documents\\sultanah\\utt-report-maintenance\\functions\\\u001b[39mlib\\index.js:138:24"}}
[info] >      at async C:\Users\Gari Iriana\OneDrive\Documents\sultanah\utt-report-maintenance\functions\node_modules\firebase-functions\lib\common\providers\https.js:467:26 {"user":"    at async \u001b[90mC:\\Users\\Gari Iriana\\OneDrive\\Documents\\sultanah\\utt-report-maintenance\\functions\\\u001b[39mnode_modules\\\u001b[4mfirebase-functions\u001b[24m\\lib\\common\\providers\\https.js:467:26","metadata":{"emulator":{"name":"functions"},"function":{"name":"us-central1-analyzeATSReport"},"extension":{},"message":"\u001b[90m> \u001b[39m     at async \u001b[90mC:\\Users\\Gari Iriana\\OneDrive\\Documents\\sultanah\\utt-report-maintenance\\functions\\\u001b[39mnode_modules\\\u001b[4mfirebase-functions\u001b[24m\\lib\\common\\providers\\https.js:467:26"}}
[info] >      at async runFunction (C:\Users\Gari Iriana\AppData\Roaming\npm\node_modules\firebase-tools\lib\emulator\functionsEmulatorRuntime.js:400:9) {"user":"    at async runFunction (C:\\Users\\Gari Iriana\\AppData\\Roaming\\npm\\node_modules\\\u001b[4mfirebase-tools\u001b[24m\\lib\\emulator\\functionsEmulatorRuntime.js:400:9)","metadata":{"emulator":{"name":"functions"},"function":{"name":"us-central1-analyzeATSReport"},"extension":{},"message":"\u001b[90m> \u001b[39m     at async runFunction (C:\\Users\\Gari Iriana\\AppData\\Roaming\\npm\\node_modules\\\u001b[4mfirebase-tools\u001b[24m\\lib\\emulator\\functionsEmulatorRuntime.js:400:9)"}}
[info] >      at async runHTTPS (C:\Users\Gari Iriana\AppData\Roaming\npm\node_modules\firebase-tools\lib\emulator\functionsEmulatorRuntime.js:425:5) {"user":"    at async runHTTPS (C:\\Users\\Gari Iriana\\AppData\\Roaming\\npm\\node_modules\\\u001b[4mfirebase-tools\u001b[24m\\lib\\emulator\\functionsEmulatorRuntime.js:425:5)","metadata":{"emulator":{"name":"functions"},"function":{"name":"us-central1-analyzeATSReport"},"extension":{},"message":"\u001b[90m> \u001b[39m     at async runHTTPS (C:\\Users\\Gari Iriana\\AppData\\Roaming\\npm\\node_modules\\\u001b[4mfirebase-tools\u001b[24m\\lib\\emulator\\functionsEmulatorRuntime.js:425:5)"}}
[info] >      at async C:\Users\Gari Iriana\AppData\Roaming\npm\node_modules\firebase-tools\lib\emulator\functionsEmulatorRuntime.js:592:21 { {"user":"    at async C:\\Users\\Gari Iriana\\AppData\\Roaming\\npm\\node_modules\\\u001b[4mfirebase-tools\u001b[24m\\lib\\emulator\\functionsEmulatorRuntime.js:592:21 {","metadata":{"emulator":{"name":"functions"},"function":{"name":"us-central1-analyzeATSReport"},"extension":{},"message":"\u001b[90m> \u001b[39m     at async C:\\Users\\Gari Iriana\\AppData\\Roaming\\npm\\node_modules\\\u001b[4mfirebase-tools\u001b[24m\\lib\\emulator\\functionsEmulatorRuntime.js:592:21 {"}}
[info] >    code: 'internal', {"user":"  code: \u001b[32m'internal'\u001b[39m,","metadata":{"emulator":{"name":"functions"},"function":{"name":"us-central1-analyzeATSReport"},"extension":{},"message":"\u001b[90m> \u001b[39m   code: \u001b[32m'internal'\u001b[39m,"}}
[info] >    details: undefined, {"user":"  details: \u001b[90mundefined\u001b[39m,","metadata":{"emulator":{"name":"functions"},"function":{"name":"us-central1-analyzeATSReport"},"extension":{},"message":"\u001b[90m> \u001b[39m   details: \u001b[90mundefined\u001b[39m,"}}
[info] >    httpErrorCode: { canonicalName: 'INTERNAL', status: 500 } {"user":"  httpErrorCode: { canonicalName: \u001b[32m'INTERNAL'\u001b[39m, status: \u001b[33m500\u001b[39m }","metadata":{"emulator":{"name":"functions"},"function":{"name":"us-central1-analyzeATSReport"},"extension":{},"message":"\u001b[90m> \u001b[39m   httpErrorCode: { canonicalName: \u001b[32m'INTERNAL'\u001b[39m, status: \u001b[33m500\u001b[39m }"}}
[info] >  } {"user":"}","metadata":{"emulator":{"name":"functions"},"function":{"name":"us-central1-analyzeATSReport"},"extension":{},"message":"\u001b[90m> \u001b[39m }"}}
[info] >  Stage 2 failed for photo 14 (power_meter): HttpsError: NVIDIA NIM API error (429): {"status":429,"title":"Too Many Requests"} {"user":"Stage 2 failed for photo 14 (power_meter): HttpsError: NVIDIA NIM API error (429): {\"status\":429,\"title\":\"Too Many Requests\"}","metadata":{"emulator":{"name":"functions"},"function":{"name":"us-central1-analyzeATSReport"},"extension":{},"message":"\u001b[90m> \u001b[39m Stage 2 failed for photo 14 (power_meter): HttpsError: NVIDIA NIM API error (429): {\"status\":429,\"title\":\"Too Many Requests\"}"}}
[info] >      at callNVIDIA (C:\Users\Gari Iriana\OneDrive\Documents\sultanah\utt-report-maintenance\functions\lib\index.js:43:15) {"user":"    at callNVIDIA \u001b[90m(C:\\Users\\Gari Iriana\\OneDrive\\Documents\\sultanah\\utt-report-maintenance\\functions\\\u001b[39mlib\\index.js:43:15\u001b[90m)\u001b[39m","metadata":{"emulator":{"name":"functions"},"function":{"name":"us-central1-analyzeATSReport"},"extension":{},"message":"\u001b[90m> \u001b[39m     at callNVIDIA \u001b[90m(C:\\Users\\Gari Iriana\\OneDrive\\Documents\\sultanah\\utt-report-maintenance\\functions\\\u001b[39mlib\\index.js:43:15\u001b[90m)\u001b[39m"}}
[info] >      at process.processTicksAndRejections (node:internal/process/task_queues:105:5) {"user":"\u001b[90m    at process.processTicksAndRejections (node:internal/process/task_queues:105:5)\u001b[39m","metadata":{"emulator":{"name":"functions"},"function":{"name":"us-central1-analyzeATSReport"},"extension":{},"message":"\u001b[90m> \u001b[39m \u001b[90m    at process.processTicksAndRejections (node:internal/process/task_queues:105:5)\u001b[39m"}}
[info] >      at async runSinglePhotoAnalysis (C:\Users\Gari Iriana\OneDrive\Documents\sultanah\utt-report-maintenance\functions\lib\index.js:119:16) {"user":"    at async runSinglePhotoAnalysis \u001b[90m(C:\\Users\\Gari Iriana\\OneDrive\\Documents\\sultanah\\utt-report-maintenance\\functions\\\u001b[39mlib\\index.js:119:16\u001b[90m)\u001b[39m","metadata":{"emulator":{"name":"functions"},"function":{"name":"us-central1-analyzeATSReport"},"extension":{},"message":"\u001b[90m> \u001b[39m     at async runSinglePhotoAnalysis \u001b[90m(C:\\Users\\Gari Iriana\\OneDrive\\Documents\\sultanah\\utt-report-maintenance\\functions\\\u001b[39mlib\\index.js:119:16\u001b[90m)\u001b[39m"}}
[info] >      at async Promise.all (index 13) {"user":"    at async Promise.all (index 13)","metadata":{"emulator":{"name":"functions"},"function":{"name":"us-central1-analyzeATSReport"},"extension":{},"message":"\u001b[90m> \u001b[39m     at async Promise.all (index 13)"}}
[info] >      at async C:\Users\Gari Iriana\OneDrive\Documents\sultanah\utt-report-maintenance\functions\lib\index.js:138:24 {"user":"    at async \u001b[90mC:\\Users\\Gari Iriana\\OneDrive\\Documents\\sultanah\\utt-report-maintenance\\functions\\\u001b[39mlib\\index.js:138:24","metadata":{"emulator":{"name":"functions"},"function":{"name":"us-central1-analyzeATSReport"},"extension":{},"message":"\u001b[90m> \u001b[39m     at async \u001b[90mC:\\Users\\Gari Iriana\\OneDrive\\Documents\\sultanah\\utt-report-maintenance\\functions\\\u001b[39mlib\\index.js:138:24"}}
[info] >      at async C:\Users\Gari Iriana\OneDrive\Documents\sultanah\utt-report-maintenance\functions\node_modules\firebase-functions\lib\common\providers\https.js:467:26 {"user":"    at async \u001b[90mC:\\Users\\Gari Iriana\\OneDrive\\Documents\\sultanah\\utt-report-maintenance\\functions\\\u001b[39mnode_modules\\\u001b[4mfirebase-functions\u001b[24m\\lib\\common\\providers\\https.js:467:26","metadata":{"emulator":{"name":"functions"},"function":{"name":"us-central1-analyzeATSReport"},"extension":{},"message":"\u001b[90m> \u001b[39m     at async \u001b[90mC:\\Users\\Gari Iriana\\OneDrive\\Documents\\sultanah\\utt-report-maintenance\\functions\\\u001b[39mnode_modules\\\u001b[4mfirebase-functions\u001b[24m\\lib\\common\\providers\\https.js:467:26"}}
[info] >      at async runFunction (C:\Users\Gari Iriana\AppData\Roaming\npm\node_modules\firebase-tools\lib\emulator\functionsEmulatorRuntime.js:400:9) {"user":"    at async runFunction (C:\\Users\\Gari Iriana\\AppData\\Roaming\\npm\\node_modules\\\u001b[4mfirebase-tools\u001b[24m\\lib\\emulator\\functionsEmulatorRuntime.js:400:9)","metadata":{"emulator":{"name":"functions"},"function":{"name":"us-central1-analyzeATSReport"},"extension":{},"message":"\u001b[90m> \u001b[39m     at async runFunction (C:\\Users\\Gari Iriana\\AppData\\Roaming\\npm\\node_modules\\\u001b[4mfirebase-tools\u001b[24m\\lib\\emulator\\functionsEmulatorRuntime.js:400:9)"}}
[info] >      at async runHTTPS (C:\Users\Gari Iriana\AppData\Roaming\npm\node_modules\firebase-tools\lib\emulator\functionsEmulatorRuntime.js:425:5) {"user":"    at async runHTTPS (C:\\Users\\Gari Iriana\\AppData\\Roaming\\npm\\node_modules\\\u001b[4mfirebase-tools\u001b[24m\\lib\\emulator\\functionsEmulatorRuntime.js:425:5)","metadata":{"emulator":{"name":"functions"},"function":{"name":"us-central1-analyzeATSReport"},"extension":{},"message":"\u001b[90m> \u001b[39m     at async runHTTPS (C:\\Users\\Gari Iriana\\AppData\\Roaming\\npm\\node_modules\\\u001b[4mfirebase-tools\u001b[24m\\lib\\emulator\\functionsEmulatorRuntime.js:425:5)"}}
[info] >      at async C:\Users\Gari Iriana\AppData\Roaming\npm\node_modules\firebase-tools\lib\emulator\functionsEmulatorRuntime.js:592:21 { {"user":"    at async C:\\Users\\Gari Iriana\\AppData\\Roaming\\npm\\node_modules\\\u001b[4mfirebase-tools\u001b[24m\\lib\\emulator\\functionsEmulatorRuntime.js:592:21 {","metadata":{"emulator":{"name":"functions"},"function":{"name":"us-central1-analyzeATSReport"},"extension":{},"message":"\u001b[90m> \u001b[39m     at async C:\\Users\\Gari Iriana\\AppData\\Roaming\\npm\\node_modules\\\u001b[4mfirebase-tools\u001b[24m\\lib\\emulator\\functionsEmulatorRuntime.js:592:21 {"}}
[info] >    code: 'internal', {"user":"  code: \u001b[32m'internal'\u001b[39m,","metadata":{"emulator":{"name":"functions"},"function":{"name":"us-central1-analyzeATSReport"},"extension":{},"message":"\u001b[90m> \u001b[39m   code: \u001b[32m'internal'\u001b[39m,"}}
[info] >    details: undefined, {"user":"  details: \u001b[90mundefined\u001b[39m,","metadata":{"emulator":{"name":"functions"},"function":{"name":"us-central1-analyzeATSReport"},"extension":{},"message":"\u001b[90m> \u001b[39m   details: \u001b[90mundefined\u001b[39m,"}}
[info] >    httpErrorCode: { canonicalName: 'INTERNAL', status: 500 } {"user":"  httpErrorCode: { canonicalName: \u001b[32m'INTERNAL'\u001b[39m, status: \u001b[33m500\u001b[39m }","metadata":{"emulator":{"name":"functions"},"function":{"name":"us-central1-analyzeATSReport"},"extension":{},"message":"\u001b[90m> \u001b[39m   httpErrorCode: { canonicalName: \u001b[32m'INTERNAL'\u001b[39m, status: \u001b[33m500\u001b[39m }"}}
[info] >  } {"user":"}","metadata":{"emulator":{"name":"functions"},"function":{"name":"us-central1-analyzeATSReport"},"extension":{},"message":"\u001b[90m> \u001b[39m }"}}
[info] >  Stage 2 failed for photo 8 (power_meter): HttpsError: NVIDIA NIM API error (429): {"status":429,"title":"Too Many Requests"} {"user":"Stage 2 failed for photo 8 (power_meter): HttpsError: NVIDIA NIM API error (429): {\"status\":429,\"title\":\"Too Many Requests\"}","metadata":{"emulator":{"name":"functions"},"function":{"name":"us-central1-analyzeATSReport"},"extension":{},"message":"\u001b[90m> \u001b[39m Stage 2 failed for photo 8 (power_meter): HttpsError: NVIDIA NIM API error (429): {\"status\":429,\"title\":\"Too Many Requests\"}"}}
[info] >      at callNVIDIA (C:\Users\Gari Iriana\OneDrive\Documents\sultanah\utt-report-maintenance\functions\lib\index.js:43:15) {"user":"    at callNVIDIA \u001b[90m(C:\\Users\\Gari Iriana\\OneDrive\\Documents\\sultanah\\utt-report-maintenance\\functions\\\u001b[39mlib\\index.js:43:15\u001b[90m)\u001b[39m","metadata":{"emulator":{"name":"functions"},"function":{"name":"us-central1-analyzeATSReport"},"extension":{},"message":"\u001b[90m> \u001b[39m     at callNVIDIA \u001b[90m(C:\\Users\\Gari Iriana\\OneDrive\\Documents\\sultanah\\utt-report-maintenance\\functions\\\u001b[39mlib\\index.js:43:15\u001b[90m)\u001b[39m"}}
[info] >      at process.processTicksAndRejections (node:internal/process/task_queues:105:5) {"user":"\u001b[90m    at process.processTicksAndRejections (node:internal/process/task_queues:105:5)\u001b[39m","metadata":{"emulator":{"name":"functions"},"function":{"name":"us-central1-analyzeATSReport"},"extension":{},"message":"\u001b[90m> \u001b[39m \u001b[90m    at process.processTicksAndRejections (node:internal/process/task_queues:105:5)\u001b[39m"}}
[info] >      at async runSinglePhotoAnalysis (C:\Users\Gari Iriana\OneDrive\Documents\sultanah\utt-report-maintenance\functions\lib\index.js:119:16) {"user":"    at async runSinglePhotoAnalysis \u001b[90m(C:\\Users\\Gari Iriana\\OneDrive\\Documents\\sultanah\\utt-report-maintenance\\functions\\\u001b[39mlib\\index.js:119:16\u001b[90m)\u001b[39m","metadata":{"emulator":{"name":"functions"},"function":{"name":"us-central1-analyzeATSReport"},"extension":{},"message":"\u001b[90m> \u001b[39m     at async runSinglePhotoAnalysis \u001b[90m(C:\\Users\\Gari Iriana\\OneDrive\\Documents\\sultanah\\utt-report-maintenance\\functions\\\u001b[39mlib\\index.js:119:16\u001b[90m)\u001b[39m"}}
[info] >      at async Promise.all (index 7) {"user":"    at async Promise.all (index 7)","metadata":{"emulator":{"name":"functions"},"function":{"name":"us-central1-analyzeATSReport"},"extension":{},"message":"\u001b[90m> \u001b[39m     at async Promise.all (index 7)"}}
[info] >      at async C:\Users\Gari Iriana\OneDrive\Documents\sultanah\utt-report-maintenance\functions\lib\index.js:138:24 {"user":"    at async \u001b[90mC:\\Users\\Gari Iriana\\OneDrive\\Documents\\sultanah\\utt-report-maintenance\\functions\\\u001b[39mlib\\index.js:138:24","metadata":{"emulator":{"name":"functions"},"function":{"name":"us-central1-analyzeATSReport"},"extension":{},"message":"\u001b[90m> \u001b[39m     at async \u001b[90mC:\\Users\\Gari Iriana\\OneDrive\\Documents\\sultanah\\utt-report-maintenance\\functions\\\u001b[39mlib\\index.js:138:24"}}
[info] >      at async C:\Users\Gari Iriana\OneDrive\Documents\sultanah\utt-report-maintenance\functions\node_modules\firebase-functions\lib\common\providers\https.js:467:26 {"user":"    at async \u001b[90mC:\\Users\\Gari Iriana\\OneDrive\\Documents\\sultanah\\utt-report-maintenance\\functions\\\u001b[39mnode_modules\\\u001b[4mfirebase-functions\u001b[24m\\lib\\common\\providers\\https.js:467:26","metadata":{"emulator":{"name":"functions"},"function":{"name":"us-central1-analyzeATSReport"},"extension":{},"message":"\u001b[90m> \u001b[39m     at async \u001b[90mC:\\Users\\Gari Iriana\\OneDrive\\Documents\\sultanah\\utt-report-maintenance\\functions\\\u001b[39mnode_modules\\\u001b[4mfirebase-functions\u001b[24m\\lib\\common\\providers\\https.js:467:26"}}
[info] >      at async runFunction (C:\Users\Gari Iriana\AppData\Roaming\npm\node_modules\firebase-tools\lib\emulator\functionsEmulatorRuntime.js:400:9) {"user":"    at async runFunction (C:\\Users\\Gari Iriana\\AppData\\Roaming\\npm\\node_modules\\\u001b[4mfirebase-tools\u001b[24m\\lib\\emulator\\functionsEmulatorRuntime.js:400:9)","metadata":{"emulator":{"name":"functions"},"function":{"name":"us-central1-analyzeATSReport"},"extension":{},"message":"\u001b[90m> \u001b[39m     at async runFunction (C:\\Users\\Gari Iriana\\AppData\\Roaming\\npm\\node_modules\\\u001b[4mfirebase-tools\u001b[24m\\lib\\emulator\\functionsEmulatorRuntime.js:400:9)"}}
[info] >      at async runHTTPS (C:\Users\Gari Iriana\AppData\Roaming\npm\node_modules\firebase-tools\lib\emulator\functionsEmulatorRuntime.js:425:5) {"user":"    at async runHTTPS (C:\\Users\\Gari Iriana\\AppData\\Roaming\\npm\\node_modules\\\u001b[4mfirebase-tools\u001b[24m\\lib\\emulator\\functionsEmulatorRuntime.js:425:5)","metadata":{"emulator":{"name":"functions"},"function":{"name":"us-central1-analyzeATSReport"},"extension":{},"message":"\u001b[90m> \u001b[39m     at async runHTTPS (C:\\Users\\Gari Iriana\\AppData\\Roaming\\npm\\node_modules\\\u001b[4mfirebase-tools\u001b[24m\\lib\\emulator\\functionsEmulatorRuntime.js:425:5)"}}
[info] >      at async C:\Users\Gari Iriana\AppData\Roaming\npm\node_modules\firebase-tools\lib\emulator\functionsEmulatorRuntime.js:592:21 { {"user":"    at async C:\\Users\\Gari Iriana\\AppData\\Roaming\\npm\\node_modules\\\u001b[4mfirebase-tools\u001b[24m\\lib\\emulator\\functionsEmulatorRuntime.js:592:21 {","metadata":{"emulator":{"name":"functions"},"function":{"name":"us-central1-analyzeATSReport"},"extension":{},"message":"\u001b[90m> \u001b[39m     at async C:\\Users\\Gari Iriana\\AppData\\Roaming\\npm\\node_modules\\\u001b[4mfirebase-tools\u001b[24m\\lib\\emulator\\functionsEmulatorRuntime.js:592:21 {"}}
[info] >    code: 'internal', {"user":"  code: \u001b[32m'internal'\u001b[39m,","metadata":{"emulator":{"name":"functions"},"function":{"name":"us-central1-analyzeATSReport"},"extension":{},"message":"\u001b[90m> \u001b[39m   code: \u001b[32m'internal'\u001b[39m,"}}
[info] >    details: undefined, {"user":"  details: \u001b[90mundefined\u001b[39m,","metadata":{"emulator":{"name":"functions"},"function":{"name":"us-central1-analyzeATSReport"},"extension":{},"message":"\u001b[90m> \u001b[39m   details: \u001b[90mundefined\u001b[39m,"}}
[info] >    httpErrorCode: { canonicalName: 'INTERNAL', status: 500 } {"user":"  httpErrorCode: { canonicalName: \u001b[32m'INTERNAL'\u001b[39m, status: \u001b[33m500\u001b[39m }","metadata":{"emulator":{"name":"functions"},"function":{"name":"us-central1-analyzeATSReport"},"extension":{},"message":"\u001b[90m> \u001b[39m   httpErrorCode: { canonicalName: \u001b[32m'INTERNAL'\u001b[39m, status: \u001b[33m500\u001b[39m }"}}
[info] >  } {"user":"}","metadata":{"emulator":{"name":"functions"},"function":{"name":"us-central1-analyzeATSReport"},"extension":{},"message":"\u001b[90m> \u001b[39m }"}}
[error] i  Your function timed out after ~300s. To configure this timeout, see
      https://firebase.google.com/docs/functions/manage-functions#set_timeout_and_memory_allocation. {"metadata":{"emulator":{"name":"functions"},"function":{"name":"us-central1-analyzeATSReport"},"extension":{},"message":"Your function timed out after ~300s. To configure this timeout, see\n      https://firebase.google.com/docs/functions/manage-functions#set_timeout_and_memory_allocation."}}
[error] i  Request to function failed: Error: socket hang up {"metadata":{"emulator":{"name":"functions"},"function":{"name":"us-central1-analyzeATSReport"},"extension":{},"message":"Request to function failed: Error: socket hang up"}}
[debug] [2026-07-01T07:54:48.991Z] [work-queue] {"queuedWork":[],"queueLength":0,"runningWork":["/report-utt/us-central1/analyzeATSReport-2026-07-01T07:54:24.289Z"],"workRunningCount":1}
[debug] [2026-07-01T07:54:49.012Z] [worker-us-central1-analyzeATSReport-072a1481-4c56-49d2-ab1c-7bfc536e74bf]: exited {"metadata":{"emulator":{"name":"functions"},"function":{"name":"us-central1-analyzeATSReport"},"extension":{},"message":"[worker-us-central1-analyzeATSReport-072a1481-4c56-49d2-ab1c-7bfc536e74bf]: exited"}}
[debug] [2026-07-01T07:54:49.012Z] [worker-us-central1-analyzeATSReport-072a1481-4c56-49d2-ab1c-7bfc536e74bf]: FINISHED {"metadata":{"emulator":{"name":"functions"},"function":{"name":"us-central1-analyzeATSReport"},"extension":{},"message":"[worker-us-central1-analyzeATSReport-072a1481-4c56-49d2-ab1c-7bfc536e74bf]: FINISHED"}}
[error] i  Your function timed out after ~300s. To configure this timeout, see
      https://firebase.google.com/docs/functions/manage-functions#set_timeout_and_memory_allocation. {"metadata":{"emulator":{"name":"functions"},"function":{"name":"us-central1-analyzeATSReport"},"extension":{},"message":"Your function timed out after ~300s. To configure this timeout, see\n      https://firebase.google.com/docs/functions/manage-functions#set_timeout_and_memory_allocation."}}
[error] i  Request to function failed: Error: socket hang up {"metadata":{"emulator":{"name":"functions"},"function":{"name":"us-central1-analyzeATSReport"},"extension":{},"message":"Request to function failed: Error: socket hang up"}}
[debug] [2026-07-01T07:59:24.475Z] [work-queue] {"queuedWork":[],"queueLength":0,"runningWork":[],"workRunningCount":0}
[debug] [2026-07-01T07:59:24.502Z] [worker-us-central1-analyzeATSReport-d02b0660-e170-4dfd-9af9-32820c5946d1]: exited {"metadata":{"emulator":{"name":"functions"},"function":{"name":"us-central1-analyzeATSReport"},"extension":{},"message":"[worker-us-central1-analyzeATSReport-d02b0660-e170-4dfd-9af9-32820c5946d1]: exited"}}
[debug] [2026-07-01T07:59:24.506Z] [worker-us-central1-analyzeATSReport-d02b0660-e170-4dfd-9af9-32820c5946d1]: FINISHED {"metadata":{"emulator":{"name":"functions"},"function":{"name":"us-central1-analyzeATSReport"},"extension":{},"message":"[worker-us-central1-analyzeATSReport-d02b0660-e170-4dfd-9af9-32820c5946d1]: FINISHED"}}
